漢字番号,連番,漢字,1文字抽出,音訓,文字1,読み1,文字２,読み２,文字３,読み3,文字1,文字2,文字3,備考（文化庁の元データの備考）
1,1,亜(亞),亜,ア,亜流,ありゅう,亜麻,あま,亜熱帯,あねったい,亜流(ありゅう),亜麻(あま),亜熱帯(あねったい),
2,2,哀,哀,アイ,哀愁,あいしゅう,哀願,あいがん,悲哀,ひあい,哀愁(あいしゅう),哀願(あいがん),悲哀(ひあい),
2,3,哀,哀,あわれ,哀れ,あわれ,哀れな話,あわれなはなし,哀れがる,あわれがる,哀れ(あわれ),哀れな話(あわれなはなし),哀れがる(あわれがる),
2,4,哀,哀,あわれむ,哀れむ,あわれむ,,,,,哀れむ(あわれむ),,,
3,5,握,握,アク,握手,あくしゅ,握力,あくりょく,掌握,しょうあく,握手(あくしゅ),握力(あくりょく),掌握(しょうあく),
3,6,握,握,にぎる,握る,にぎる,握り,にぎり,一握り,ひとにぎり,握る(にぎる),握り(にぎり),一握り(ひとにぎり),
4,7,扱,扱,あつかう,扱う,あつかう,扱い,あつかい,客扱い,きゃくあつかい,扱う(あつかう),扱い(あつかい),客扱い(きゃくあつかい),
5,8,依,依,イ,依頼,いらい,依拠,いきょ,依然,いぜん,依頼(いらい),依拠(いきょ),依然(いぜん),
5,9,依,依,エ,帰依,きえ,,,,,帰依(きえ),,,
6,10,威,威,イ,威力,いりょく,威圧,いあつ,示威,じい,威力(いりょく),威圧(いあつ),示威(じい),
7,11,為(爲),為,イ,為政者,いせいしゃ,行為,こうい,作為,さくい,為政者(いせいしゃ),行為(こうい),作為(さくい),為替(かわせ)
8,12,尉,尉,イ,尉官,いかん,一尉,いちい,大尉,たいい,尉官(いかん),一尉(いちい),大尉(たいい),
9,13,偉,偉,イ,偉大,いだい,偉人,いじん,偉観,いかん,偉大(いだい),偉人(いじん),偉観(いかん),
9,14,偉,偉,えらい,偉い,えらい,,,,,偉い(えらい),,,
10,15,違,違,イ,違反,いはん,違法,いほう,相違,そうい,違反(いはん),違法(いほう),相違(そうい),
10,16,違,違,ちがう,違う,ちがう,違い,ちがい,間違う,まちがう,違う(ちがう),違い(ちがい),間違う(まちがう),
10,17,違,違,ちがえる,違える,ちがえる,見違える,みちがえる,間違える,まちがえる,違える(ちがえる),見違える(みちがえる),間違える(まちがえる),
11,18,維,維,イ,維持,いじ,維新,いしん,繊維,せんい,維持(いじ),維新(いしん),繊維(せんい),
12,19,慰,慰,イ,慰安,いあん,慰問,いもん,慰労,いろう,慰安(いあん),慰問(いもん),慰労(いろう),
12,20,慰,慰,なぐさめる,慰める,なぐさめる,,,,,慰める(なぐさめる),,,
12,21,慰,慰,なぐさむ,慰む,なぐさむ,,,,,慰む(なぐさむ),,,
13,22,緯,緯,イ,緯度,いど,北緯,ほくい,経緯,けいい,緯度(いど),北緯(ほくい),経緯(けいい),
14,23,壱(壹),壱,イチ,壱万円,いちまんえん,,,,,壱万円(いちまんえん),,,
15,24,逸(),逸,イツ,逸話,いつわ,逸品,いっぴん,逸する,いっする,逸話(いつわ),逸品(いっぴん),逸する(いっする),
16,25,芋,芋,いも,芋,いも,里芋,さといも,焼き芋,やきいも,芋(いも),里芋(さといも),焼き芋(やきいも),
17,26,姻,姻,イン,姻族,いんぞく,,,,,姻族(いんぞく),,,
18,27,陰,陰,イン,陰気,いんき,陰性,いんせい,光陰,こういん,陰気(いんき),陰性(いんせい),光陰(こういん),
18,28,陰,陰,かげ,陰,かげ,,,,,陰(かげ),,,←→影
18,29,陰,陰,かげる,陰る,かげる,,,,,陰る(かげる),,,
19,30,隠(隱),隠,イン,隠居,いんきょ,隠忍,いんにん,隠語,いんご,隠居(いんきょ),隠忍(いんにん),隠語(いんご),
19,31,隠(隱),隠,かくす,隠す,かくす,,,,,隠す(かくす),,,
19,32,隠(隱),隠,かくれる,隠れる,かくれる,,,,,隠れる(かくれる),,,
20,33,韻,韻,イン,韻律,いんりつ,韻文,いんぶん,音韻,おんいん,韻律(いんりつ),韻文(いんぶん),音韻(おんいん),
21,34,詠,詠,エイ,詠嘆,えいたん,詠草,えいそう,朗詠,ろうえい,詠嘆(えいたん),詠草(えいそう),朗詠(ろうえい),
21,35,詠,詠,よむ,詠む,よむ,,,,,詠む(よむ),,,←→読む
22,36,影,影,エイ,影響,えいきょう,陰影,いんえい,撮影,さつえい,影響(えいきょう),陰影(いんえい),撮影(さつえい),
22,37,影,影,かげ,影,かげ,影絵,かげえ,人影,ひとかげ,影(かげ),影絵(かげえ),人影(ひとかげ),←→陰
23,38,鋭,鋭,エイ,鋭利,えいり,鋭敏,えいびん,精鋭,せいえい,鋭利(えいり),鋭敏(えいびん),精鋭(せいえい),
23,39,鋭,鋭,するどい,鋭い,するどい,,,,,鋭い(するどい),,,
24,40,疫,疫,エキ,疫病,えきびょう,悪疫,あくえき,防疫,ぼうえき,疫病(えきびょう),悪疫(あくえき),防疫(ぼうえき),
24,41,疫,疫,ヤク,疫病神,やくびょうがみ,,,,,疫病神(やくびょうがみ),,,
25,42,悦,悦,エツ,悦楽,えつらく,,,,,悦楽(えつらく),,,
26,43,越,越,エツ,越境,えっきょう,超越,ちょうえつ,優越,ゆうえつ,越境(えっきょう),超越(ちょうえつ),優越(ゆうえつ),
26,44,越,越,こす,越す,こす,,,,,越す(こす),,,←→超す
26,45,越,越,こえる,越える,こえる,,,,,越える(こえる),,,←→超える
27,46,謁(),謁,エツ,謁見,えっけん,拝謁,はいえつ,謁する,えっする,謁見(えっけん),拝謁(はいえつ),謁する(えっする),
28,47,閲,閲,エツ,閲覧,えつらん,閲歴,えつれき,校閲,こうえつ,閲覧(えつらん),閲歴(えつれき),校閲(こうえつ),
29,48,炎,炎,エン,炎上,えんじょう,炎天,えんてん,火炎,かえん,炎上(えんじょう),炎天(えんてん),火炎(かえん),
29,49,炎,炎,ほのお,炎,ほのお,,,,,炎(ほのお),,,
30,50,宴,宴,エン,宴会,えんかい,宴席,えんせき,酒宴,しゅえん,宴会(えんかい),宴席(えんせき),酒宴(しゅえん),
31,51,援,援,エン,援助,えんじょ,応援,おうえん,声援,せいえん,援助(えんじょ),応援(おうえん),声援(せいえん),
32,52,煙,煙,エン,煙突,えんとつ,煙霧,えんむ,喫煙,きつえん,煙突(えんとつ),煙霧(えんむ),喫煙(きつえん),
32,53,煙,煙,けむる,煙る,けむる,,,,,煙る(けむる),,,
32,54,煙,煙,けむり,煙,けむり,,,,,煙(けむり),,,
32,55,煙,煙,けむい,煙い,けむい,煙たい,けむたい,煙たがる,けむたがる,煙い(けむい),煙たい(けむたい),煙たがる(けむたがる),
33,56,猿,猿,エン,野猿,やえん,類人猿,るいじんえん,犬猿の仲,けんえんのなか,野猿(やえん),類人猿(るいじんえん),犬猿の仲(けんえんのなか),
33,57,猿,猿,さる,猿,さる,,,,,猿(さる),,,
34,58,鉛,鉛,エン,鉛筆,えんぴつ,亜鉛,あえん,黒鉛,こくえん,鉛筆(えんぴつ),亜鉛(あえん),黒鉛(こくえん),
34,59,鉛,鉛,なまり,鉛,なまり,,,,,鉛(なまり),,,
35,60,縁(),縁,エン,縁故,えんこ,縁日,えんにち,血縁,けつえん,縁故(えんこ),縁日(えんにち),血縁(けつえん),「因縁」は，「インネン」。
35,61,縁(),縁,ふち,縁,えん,縁取り,ふちどり,額縁,がくぶち,縁(えん),縁取り(ふちどり),額縁(がくぶち),
36,62,汚,汚,オ,汚点,おてん,汚物,おぶつ,汚名,おめい,汚点(おてん),汚物(おぶつ),汚名(おめい),
36,63,汚,汚,けがす,汚す,よごす,,,,,汚す(よごす),,,
36,64,汚,汚,けがれる,汚れる,よごれる,,,,,汚れる(よごれる),,,
36,65,汚,汚,けがらわしい,汚らわしい,けがらわしい,,,,,汚らわしい(けがらわしい),,,
36,66,汚,汚,よごす,汚す,よごす,,,,,汚す(よごす),,,
36,67,汚,汚,よごれる,汚れる,よごれる,汚れ,よごれ,汚れ物,よごれもの,汚れる(よごれる),汚れ(よごれ),汚れ物(よごれもの),
36,68,汚,汚,きたない,汚い,きたない,,,,,汚い(きたない),,,
37,69,凹,凹,オウ,凹凸,おうとつ,凹面鏡,おうめんきょう,凹レンズ,おうれんず,凹凸(おうとつ),凹面鏡(おうめんきょう),凹レンズ(おうれんず),凸凹(でこぼこ)
38,70,押,押,オウ,押収,おうしゅう,押印,おういん,押韻,おういん,押収(おうしゅう),押印(おういん),押韻(おういん),
38,71,押,押,おす,押す,おす,,,,,押す(おす),,,←→推す
38,72,押,押,おさえる,押さえる,おさえる,,,,,押さえる(おさえる),,,←→抑える
39,73,欧(歐),欧,オウ,欧文,おうぶん,西欧,せいおう,渡欧,とおう,欧文(おうぶん),西欧(せいおう),渡欧(とおう),
40,74,殴(毆),殴,オウ,殴打,おうだ,,,,,殴打(おうだ),,,
40,75,殴(毆),殴,なぐる,殴る,なぐる,,,,,殴る(なぐる),,,
41,76,翁,翁,オウ,老翁,ろうおう,,,,,老翁(ろうおう),,,
42,77,奥(奧),奥,オウ,奥義,おうぎ,,,,,奥義(おうぎ),,,「奥義」は，「おくギ」とも。
42,78,奥(奧),奥,おく,奥,おく,奥底,おくそこ,奥さん,おくさん,奥(おく),奥底(おくそこ),奥さん(おくさん),
43,79,憶,憶,オク,記憶,きおく,,,,,記憶(きおく),,,
44,80,虞,虞,おそれ,虞,おそれ,,,,,虞(おそれ),,,
45,81,乙,乙,オツ,乙種,おつしゅ,,,,,乙種(おつしゅ),,,乙女(おとめ)
46,82,卸,卸,おろす,卸す,おろす,,,,,卸す(おろす),,,←→下ろす，降ろす
46,83,卸,卸,おろし,卸,おろし,,,,,卸(おろし),,,
47,84,穏(穩),穏,オン,穏和,おんわ,穏当,おんとう,平穏,へいおん,穏和(おんわ),穏当(おんとう),平穏(へいおん),「安穏」は，「アンノン」。
47,85,穏(穩),穏,おだやか,穏やかだ,おだやかだ,,,,,穏やかだ(おだやかだ),,,
48,86,佳,佳,カ,佳作,かさく,佳人,かじん,絶佳,ぜっか,佳作(かさく),佳人(かじん),絶佳(ぜっか),
49,87,架,架,カ,架橋,かきょう,架空,かくう,書架,しょか,架橋(かきょう),架空(かくう),書架(しょか),
49,88,架,架,かける,架ける,かける,,,,,架ける(かける),,,←→掛ける，懸ける
49,89,架,架,かかる,架かる,かかる,,,,,架かる(かかる),,,←→掛かる，懸かる
50,90,華,華,カ,華美,かび,繁華,はんか,栄華,えいが,華美(かび),繁華(はんか),栄華(えいが),
50,91,華,華,ケ,香華,こうげ,,,,,香華(こうげ),,,
50,92,華,華,はな,華やかだ,はなやかだ,華やぐ,はなやぐ,華々しい,はなばなしい,華やかだ(はなやかだ),華やぐ(はなやぐ),華々しい(はなばなしい),←→花
51,93,菓,菓,カ,菓子,かし,製菓,せいか,茶菓,ちゃか,菓子(かし),製菓(せいか),茶菓(ちゃか),
52,94,渦,渦,カ,渦中,かちゅう,,,,,渦中(かちゅう),,,
52,95,渦,渦,うず,渦,うず,渦潮,うずしお,渦巻く,うずまく,渦(うず),渦潮(うずしお),渦巻く(うずまく),
53,96,嫁,嫁,カ,再嫁,さいよめ,転嫁,てんか,嫁する,かする,再嫁(さいよめ),転嫁(てんか),嫁する(かする),
53,97,嫁,嫁,よめ,嫁,よめ,,,,,嫁(よめ),,,
53,98,嫁,嫁,とつぐ,嫁ぐ,とつぐ,,,,,嫁ぐ(とつぐ),,,
54,99,暇,暇,カ,余暇,よか,休暇,きゅうか,寸暇,すんか,余暇(よか),休暇(きゅうか),寸暇(すんか),
54,100,暇,暇,ひま,暇,ひま,,,,,暇(ひま),,,
55,101,禍(),禍,カ,禍福,かふく,禍根,かこん,災禍,さいか,禍福(かふく),禍根(かこん),災禍(さいか),
56,102,靴,靴,カ,製靴,せいか,,,,,製靴(せいか),,,
56,103,靴,靴,くつ,靴,くつ,靴下,くつした,革靴,かわぐつ,靴(くつ),靴下(くつした),革靴(かわぐつ),
57,104,寡,寡,カ,寡黙,かもく,寡婦,かふ,多寡,たか,寡黙(かもく),寡婦(かふ),多寡(たか),
58,105,箇,箇,カ,箇条,かじょう,,,,,箇条(かじょう),,,
59,106,稼,稼,カ,稼業,かぎょう,,,,,稼業(かぎょう),,,
59,107,稼,稼,かせぐ,稼ぐ,かせぐ,,,,,稼ぐ(かせぐ),,,
60,108,蚊,蚊,か,蚊,か,蚊柱,かばしら,やぶ蚊,やぶか,蚊(か),蚊柱(かばしら),やぶ蚊(やぶか),蚊帳(かや)
61,109,雅,雅,ガ,雅趣,がしゅ,優雅,ゆうが,風雅,ふうが,雅趣(がしゅ),優雅(ゆうが),風雅(ふうが),
62,110,餓,餓,ガ,餓死,がし,餓鬼,がき,飢餓,きが,餓死(がし),餓鬼(がき),飢餓(きが),
63,111,介,介,カイ,介入,かいにゅう,紹介,しょうかい,介する,かいする,介入(かいにゅう),紹介(しょうかい),介する(かいする),
64,112,戒,戒,カイ,戒心,かいしん,戒律,かいりつ,警戒,けいかい,戒心(かいしん),戒律(かいりつ),警戒(けいかい),
64,113,戒,戒,いましめる,戒める,いましめる,,,,,戒める(いましめる),,,
65,114,怪,怪,カイ,怪談,かいだん,怪物,かいぶつ,奇怪,きかい,怪談(かいだん),怪物(かいぶつ),奇怪(きかい),
65,115,怪,怪,あやしい,怪しい,あやしい,,,,,怪しい(あやしい),,,
65,116,怪,怪,あやしむ,怪しむ,あやしむ,,,,,怪しむ(あやしむ),,,
66,117,拐,拐,カイ,拐帯,かいたい,,,,,拐帯(かいたい),,,
67,118,悔(),悔,カイ,悔恨,かいこん,,,,,悔恨(かいこん),,,
67,119,悔(),悔,くいる,悔いる,くいる,,,,,悔いる(くいる),,,
67,120,悔(),悔,くやむ,悔やむ,くやむ,,,,,悔やむ(くやむ),,,
67,121,悔(),悔,くやしい,悔しい,くやしい,,,,,悔しい(くやしい),,,
68,122,皆,皆,カイ,皆無,かいむ,皆勤,かいきん,皆出席,みなしゅっせき,皆無(かいむ),皆勤(かいきん),皆出席(みなしゅっせき),
68,123,皆,皆,みな,皆,みな,,,,,皆(みな),,,
69,124,塊,塊,カイ,塊状,かいじょう,,,,,塊状(かいじょう),,,
69,125,塊,塊,かたまり,塊,かたまり,,,,,塊(かたまり),,,
70,126,壊(壞),壊,カイ,壊滅,かいめつ,破壊,はかい,決壊,けっかい,壊滅(かいめつ),破壊(はかい),決壊(けっかい),
70,127,壊(壞),壊,こわす,壊す,こわす,,,,,壊す(こわす),,,
70,128,壊(壞),壊,こわれる,壊れる,こわれる,,,,,壊れる(こわれる),,,
71,129,懐(懷),懐,カイ,懐中,かいちゅう,懐古,かいこ,述懐,じゅっかい,懐中(かいちゅう),懐古(かいこ),述懐(じゅっかい),
71,130,懐(懷),懐,ふところ,懐,ふところ,懐手,ふところで,内懐,うちぶところ,懐(ふところ),懐手(ふところで),内懐(うちぶところ),
71,131,懐(懷),懐,なつかしい,懐かしい,なつかしい,,,,,懐かしい(なつかしい),,,
71,132,懐(懷),懐,なつかしむ,懐かしむ,なつかしむ,,,,,懐かしむ(なつかしむ),,,
71,133,懐(懷),懐,なつく,懐く,いだく,,,,,懐く(いだく),,,
71,134,懐(懷),懐,なつける,懐ける,いだける,,,,,懐ける(いだける),,,
72,135,劾,劾,ガイ,弾劾,だんがい,,,,,弾劾(だんがい),,,
73,136,涯,涯,ガイ,生涯,しょうがい,,,,,生涯(しょうがい),,,
74,137,慨(),慨,ガイ,慨嘆,がいたん,憤慨,ふんがい,感慨,かんがい,慨嘆(がいたん),憤慨(ふんがい),感慨(かんがい),
75,138,該,該,ガイ,該当,がいとう,該博,がいはく,当該,とうがい,該当(がいとう),該博(がいはく),当該(とうがい),
76,139,概(),概,ガイ,概念,がいねん,大概,たいがい,概して,がいして,概念(がいねん),大概(たいがい),概して(がいして),
77,140,垣,垣,かき,垣,かき,,,,,垣(かき),,,
78,141,核,核,カク,核心,かくしん,核反応,かくはんのう,結核,けっかく,核心(かくしん),核反応(かくはんのう),結核(けっかく),
79,142,殻(殼),殻,カク,甲殻,こうかく,,,,,甲殻(こうかく),,,
79,143,殻(殼),殻,から,殻,から,,,,,殻(から),,,
80,144,郭,郭,カク,城郭,じょうかく,外郭,がいかく,輪郭,りんかく,城郭(じょうかく),外郭(がいかく),輪郭(りんかく),
81,145,較,較,カク,比較,ひかく,,,,,比較(ひかく),,,
82,146,隔,隔,カク,隔離,かくり,隔月,かくげつ,間隔,かんかく,隔離(かくり),隔月(かくげつ),間隔(かんかく),
82,147,隔,隔,へだてる,隔てる,へだてる,,,,,隔てる(へだてる),,,
82,148,隔,隔,へだたる,隔たる,へだたる,,,,,隔たる(へだたる),,,
83,149,獲,獲,カク,獲得,かくとく,捕獲,ほかく,漁獲高,ぎょかくだか,獲得(かくとく),捕獲(ほかく),漁獲高(ぎょかくだか),
83,150,獲,獲,える,獲る,とる,,,,,獲る(とる),,,←→得る
84,151,嚇,嚇,カク,威嚇,いかく,,,,,威嚇(いかく),,,
85,152,穫,穫,カク,収穫,しゅうかく,,,,,収穫(しゅうかく),,,
86,153,岳(嶽),岳,ガク,岳父,がくふ,,,,,岳父(がくふ),,,
86,154,岳(嶽),岳,たけ,○○岳,まるまるたけ,,,,,○○岳(まるまるたけ),,,
87,155,掛,掛,かける,掛ける,かける,,,,,掛ける(かける),,,←→懸ける，架ける
87,156,掛,掛,かかる,掛かる,かかる,,,,,掛かる(かかる),,,←→係る，懸かる，架かる
87,157,掛,掛,かかり,掛,かかり,,,,,掛(かかり),,,←→係
88,158,括,括,カツ,括弧,かっこ,一括,いっかつ,包括,ほうかつ,括弧(かっこ),一括(いっかつ),包括(ほうかつ),
89,159,喝(),喝,カツ,喝破,かっぱ,一喝,いっかつ,恐喝,きょうかつ,喝破(かっぱ),一喝(いっかつ),恐喝(きょうかつ),
90,160,渇(),渇,カツ,渇望,かつぼう,,,,,渇望(かつぼう),,,
90,161,渇(),渇,かわく,渇く,かわく,,,,,渇く(かわく),,,←→乾く
91,162,滑,滑,カツ,滑走,かっそう,滑降,かっこう,円滑,えんかつ,滑走(かっそう),滑降(かっこう),円滑(えんかつ),
91,163,滑,滑,すべる,滑る,すべる,,,,,滑る(すべる),,,
91,164,滑,滑,なめらか,滑らかだ,なめらかだ,,,,,滑らかだ(なめらかだ),,,
92,165,褐(),褐,カツ,褐色,かっしょく,,,,,褐色(かっしょく),,,
93,166,轄,轄,カツ,管轄,かんかつ,所轄,しょかつ,直轄,ちょっかつ,管轄(かんかつ),所轄(しょかつ),直轄(ちょっかつ),
94,167,且,且,かつ,且つ,かつ,,,,,且つ(かつ),,,
95,168,刈,刈,かる,刈る,かる,,,,,刈る(かる),,,
96,169,甘,甘,カン,甘言,かんげん,甘受,かんじゅ,甘味料,かんみりょう,甘言(かんげん),甘受(かんじゅ),甘味料(かんみりょう),
96,170,甘,甘,あまい,甘い,あまい,,,,,甘い(あまい),,,
96,171,甘,甘,あまえる,甘える,あまえる,,,,,甘える(あまえる),,,
96,172,甘,甘,あまやかす,甘やかす,あまやかす,,,,,甘やかす(あまやかす),,,
97,173,汗,汗,カン,汗顔,かんがん,,,,,汗顔(かんがん),,,
97,174,汗,汗,あせ,汗,あせ,,,,,汗(あせ),,,
98,175,缶(罐),缶,カン,缶,かん,缶詰,かんづめ,製缶,せいかん,缶(かん),缶詰(かんづめ),製缶(せいかん),
99,176,肝,肝,カン,肝臓,かんぞう,肝胆,かんたん,肝要,かんよう,肝臓(かんぞう),肝胆(かんたん),肝要(かんよう),
99,177,肝,肝,きも,肝,きも,,,,,肝(きも),,,
100,178,冠,冠,カン,冠詞,かんし,王冠,おうかん,栄冠,えいかん,冠詞(かんし),王冠(おうかん),栄冠(えいかん),
100,179,冠,冠,かんむり,冠,かん,,,,,冠(かん),,,
101,180,陥(陷),陥,カン,陥落,かんらく,陥没,かんぼつ,欠陥,けっかん,陥落(かんらく),陥没(かんぼつ),欠陥(けっかん),
101,181,陥(陷),陥,おちいる,陥る,おちいる,,,,,陥る(おちいる),,,
101,182,陥(陷),陥,おとしいれる,陥れる,おとしいれる,,,,,陥れる(おとしいれる),,,
102,183,乾,乾,カン,乾燥,かんそう,乾杯,かんぱい,乾電池,かんでんち,乾燥(かんそう),乾杯(かんぱい),乾電池(かんでんち),
102,184,乾,乾,かわく,乾く,かわく,,,,,乾く(かわく),,,←→渇く
102,185,乾,乾,かわかす,乾かす,かわかす,,,,,乾かす(かわかす),,,
103,186,勘,勘,カン,勘弁,かんべん,,,,,勘弁(かんべん),,,
104,187,患,患,カン,患者,かんじゃ,,,,,患者(かんじゃ),,,
104,188,患,患,わずらう,患う,わずらう,,,,,患う(わずらう),,,←→煩う
105,189,貫,貫,カン,貫通,かんつう,縦貫,じゅうかん,尺貫法,しゃっかんほう,貫通(かんつう),縦貫(じゅうかん),尺貫法(しゃっかんほう),
105,190,貫,貫,つらぬく,貫く,つらぬく,,,,,貫く(つらぬく),,,
106,191,喚,喚,カン,喚問,かんもん,召喚,しょうかん,叫喚,きょうかん,喚問(かんもん),召喚(しょうかん),叫喚(きょうかん),
107,192,堪,堪,カン,堪忍,かんにん,,,,,堪忍(かんにん),,,
107,193,堪,堪,たえる,堪える,たえる,,,,,堪える(たえる),,,←→耐える
108,194,換,換,カン,換気,かんき,換算,かんさん,交換,こうかん,換気(かんき),換算(かんさん),交換(こうかん),
108,195,換,換,かえる,換える,かえる,,,,,換える(かえる),,,←→代える，替える，変える
108,196,換,換,かわる,換わる,かわる,,,,,換わる(かわる),,,←→代わる，替わる，変わる
109,197,敢,敢,カン,敢然,かんぜん,果敢,かかん,勇敢,ゆうかん,敢然(かんぜん),果敢(かかん),勇敢(ゆうかん),
110,198,棺,棺,カン,棺おけ,かんおけ,石棺,せきかん,出棺,しゅっかん,棺おけ(かんおけ),石棺(せきかん),出棺(しゅっかん),
111,199,款,款,カン,定款,ていかん,借款,しゃっかん,落款,らっかん,定款(ていかん),借款(しゃっかん),落款(らっかん),
112,200,閑,閑,カン,閑静,かんせい,閑却,かんきゃく,繁閑,はんかん,閑静(かんせい),閑却(かんきゃく),繁閑(はんかん),
113,201,勧(勸),勧,カン,勧誘,かんゆう,勧奨,かんしょう,勧告,かんこく,勧誘(かんゆう),勧奨(かんしょう),勧告(かんこく),
113,202,勧(勸),勧,すすめる,勧める,すすめる,,,,,勧める(すすめる),,,←→進める，薦める
114,203,寛(),寛,カン,寛大,かんだい,寛容,かんよう,寛厳,かんげん,寛大(かんだい),寛容(かんよう),寛厳(かんげん),
115,204,歓(歡),歓,カン,歓迎,かんげい,歓声,かんせい,交歓,こうかん,歓迎(かんげい),歓声(かんせい),交歓(こうかん),
116,205,監,監,カン,監視,かんし,監督,かんとく,総監,そうかん,監視(かんし),監督(かんとく),総監(そうかん),
117,206,緩,緩,カン,緩和,かんわ,緩慢,かんまん,緩急,かんきゅう,緩和(かんわ),緩慢(かんまん),緩急(かんきゅう),
117,207,緩,緩,ゆるい,緩い,ゆるい,,,,,緩い(ゆるい),,,
117,208,緩,緩,ゆるやか,緩やかだ,ゆるやかだ,,,,,緩やかだ(ゆるやかだ),,,
117,209,緩,緩,ゆるむ,緩む,ゆるむ,,,,,緩む(ゆるむ),,,
117,210,緩,緩,ゆるめる,緩める,ゆるめる,,,,,緩める(ゆるめる),,,
118,211,憾,憾,カン,遺憾,いかん,,,,,遺憾(いかん),,,
119,212,還,還,カン,還元,かんげん,生還,せいかん,返還,へんかん,還元(かんげん),生還(せいかん),返還(へんかん),
120,213,環,環,カン,環状,かんじょう,環境,かんきょう,循環,じゅんかん,環状(かんじょう),環境(かんきょう),循環(じゅんかん),
121,214,艦,艦,カン,艦船,かんせん,艦隊,かんたい,軍艦,ぐんかん,艦船(かんせん),艦隊(かんたい),軍艦(ぐんかん),
122,215,鑑,鑑,カン,鑑賞,かんしょう,鑑定,かんてい,年鑑,ねんかん,鑑賞(かんしょう),鑑定(かんてい),年鑑(ねんかん),
123,216,含,含,ガン,含有,がんゆう,含蓄,がんちく,包含,ほうがん,含有(がんゆう),含蓄(がんちく),包含(ほうがん),
123,217,含,含,ふくむ,含む,ふくむ,,,,,含む(ふくむ),,,
123,218,含,含,ふくめる,含める,ふくめる,,,,,含める(ふくめる),,,
124,219,頑,頑,ガン,頑強,がんきょう,頑健,がんけん,頑固,がんこ,頑強(がんきょう),頑健(がんけん),頑固(がんこ),
125,220,企,企,キ,企画,きかく,企図,きと,企業,きぎょう,企画(きかく),企図(きと),企業(きぎょう),
125,221,企,企,くわだてる,企てる,くわだてる,,,,,企てる(くわだてる),,,
126,222,忌,忌,キ,忌避,きひ,忌中,きちゅう,禁忌,きんき,忌避(きひ),忌中(きちゅう),禁忌(きんき),
126,223,忌,忌,いむ,忌む,いむ,,,,,忌む(いむ),,,
126,224,忌,忌,いまわしい,忌まわしい,いまわしい,,,,,忌まわしい(いまわしい),,,
127,225,奇,奇,キ,奇襲,きしゅう,奇数,きすう,珍奇,ちんき,奇襲(きしゅう),奇数(きすう),珍奇(ちんき),数奇屋(すきや)
128,226,祈(),祈,キ,祈願,きがん,,,,,祈願(きがん),,,
128,227,祈(),祈,いのる,祈る,いのる,,,,,祈る(いのる),,,
129,228,軌,軌,キ,軌道,きどう,広軌,こうき,常軌,じょうき,軌道(きどう),広軌(こうき),常軌(じょうき),
130,229,既(),既,キ,既成,きせい,既婚,きこん,既往症,きおうしょう,既成(きせい),既婚(きこん),既往症(きおうしょう),
130,230,既(),既,すでに,既に,すでに,,,,,既に(すでに),,,
131,231,飢,飢,キ,飢餓,きが,,,,,飢餓(きが),,,
131,232,飢,飢,うえる,飢える,うえる,,,,,飢える(うえる),,,
132,233,鬼,鬼,キ,鬼神,きしん,鬼才,きさい,餓鬼,がき,鬼神(きしん),鬼才(きさい),餓鬼(がき),
132,234,鬼,鬼,おに,鬼,おに,鬼ごっこ,おにごっこ,赤鬼,あかおに,鬼(おに),鬼ごっこ(おにごっこ),赤鬼(あかおに),
133,235,幾,幾,キ,幾何学,きかがく,,,,,幾何学(きかがく),,,
133,236,幾,幾,いく,幾つ,いくつ,幾ら,いくら,幾日,いくにち,幾つ(いくつ),幾ら(いくら),幾日(いくにち),
134,237,棋,棋,キ,棋士,きし,棋譜,きふ,将棋,しょうぎ,棋士(きし),棋譜(きふ),将棋(しょうぎ),
135,238,棄,棄,キ,棄権,きけん,放棄,ほうき,遺棄,いき,棄権(きけん),放棄(ほうき),遺棄(いき),
136,239,輝,輝,キ,輝石,きせき,,,,,輝石(きせき),,,
136,240,輝,輝,かがやく,輝く,かがやく,輝き,かがやき,輝かしい,かがやかしい,輝く(かがやく),輝き(かがやき),輝かしい(かがやかしい),
137,241,騎,騎,キ,騎士,きし,騎馬,きば,一騎当千,いっきとうせん,騎士(きし),騎馬(きば),一騎当千(いっきとうせん),
138,242,宜,宜,ギ,適宜,てきぎ,,,,,適宜(てきぎ),,,
139,243,偽(僞),偽,ギ,偽名,ぎめい,真偽,しんぎ,虚偽,きょぎ,偽名(ぎめい),真偽(しんぎ),虚偽(きょぎ),
139,244,偽(僞),偽,いつわる,偽る,いつわる,,,,,偽る(いつわる),,,
139,245,偽(僞),偽,にせ,偽,にせ,偽物,にせもの,偽札,にせさつ,偽(にせ),偽物(にせもの),偽札(にせさつ),
140,246,欺,欺,ギ,詐欺,さぎ,,,,,詐欺(さぎ),,,
140,247,欺,欺,あざむく,欺く,あざむく,,,,,欺く(あざむく),,,
141,248,儀,儀,ギ,儀式,ぎしき,威儀,いぎ,地球儀,ちきゅうぎ,儀式(ぎしき),威儀(いぎ),地球儀(ちきゅうぎ),
142,249,戯(戲),戯,ギ,戯曲,ぎきょく,遊戯,ゆうぎ,児戯,じぎ,戯曲(ぎきょく),遊戯(ゆうぎ),児戯(じぎ),
142,250,戯(戲),戯,たわむれる,戯れる,たわむれる,,,,,戯れる(たわむれる),,,
143,251,擬,擬,ギ,擬音,ぎおん,擬人法,ぎじんほう,模擬,もぎ,擬音(ぎおん),擬人法(ぎじんほう),模擬(もぎ),
144,252,犠(犧),犠,ギ,犠牲,ぎせい,,,,,犠牲(ぎせい),,,
145,253,菊,菊,キク,菊,きく,菊花,きっか,白菊,しらぎく,菊(きく),菊花(きっか),白菊(しらぎく),
146,254,吉,吉,キチ,吉日,きちじつ,吉例,きちれい,大吉,だいきち,吉日(きちじつ),吉例(きちれい),大吉(だいきち),「吉日」は，「キツジツ」とも。
146,255,吉,吉,キツ,吉報,きっぽう,,,,,吉報(きっぽう),,,
147,256,喫,喫,キツ,喫煙,きつえん,満喫,まんきつ,喫する,きっする,喫煙(きつえん),満喫(まんきつ),喫する(きっする),
148,257,詰,詰,キツ,詰問,きつもん,難詰,なんきつ,面詰,めんきつ,詰問(きつもん),難詰(なんきつ),面詰(めんきつ),
148,258,詰,詰,つめる,詰める,つめる,,,,,詰める(つめる),,,
148,259,詰,詰,つまる,詰まる,つまる,,,,,詰まる(つまる),,,
148,260,詰,詰,つむ,詰む,つむ,,,,,詰む(つむ),,,
149,261,却,却,キャク,却下,きゃっか,退却,たいきゃく,売却,ばいきゃく,却下(きゃっか),退却(たいきゃく),売却(ばいきゃく),
150,262,脚,脚,キャク,脚部,きゃくぶ,脚本,きゃくほん,三脚,さんきゃく,脚部(きゃくぶ),脚本(きゃくほん),三脚(さんきゃく),
150,263,脚,脚,キャ,脚立,きゃたつ,,,,,脚立(きゃたつ),,,
150,264,脚,脚,あし,脚,あし,,,,,脚(あし),,,←→足
151,265,虐,虐,ギャク,虐待,ぎゃくたい,虐殺,ぎゃくさつ,残虐,ざんぎゃく,虐待(ぎゃくたい),虐殺(ぎゃくさつ),残虐(ざんぎゃく),
151,266,虐,虐,しいたげる,虐げる,しいたげる,,,,,虐げる(しいたげる),,,
152,267,及,及,キュウ,及第,きゅうだい,追及,ついきゅう,普及,ふきゅう,及第(きゅうだい),追及(ついきゅう),普及(ふきゅう),
152,268,及,及,およぶ,及ぶ,およぶ,,,,,及ぶ(およぶ),,,
152,269,及,及,および,及び〔接〕,および［せつ］,,,,,及び〔接〕(および［せつ］),,,
152,270,及,及,およぼす,及ぼす,およぼす,,,,,及ぼす(およぼす),,,
153,271,丘,丘,キュウ,丘陵,きゅうりょう,,,,,丘陵(きゅうりょう),,,
153,272,丘,丘,おか,丘,おか,,,,,丘(おか),,,
154,273,朽,朽,キュウ,不朽,ふきゅう,老朽,ろうきゅう,腐朽,ふきゅう,不朽(ふきゅう),老朽(ろうきゅう),腐朽(ふきゅう),
154,274,朽,朽,くちる,朽ちる,くちる,,,,,朽ちる(くちる),,,
155,275,糾,糾,キュウ,糾弾,きゅうだん,,,,,糾弾(きゅうだん),,,
156,276,窮,窮,キュウ,窮極,きゅうきょく,窮屈,きゅうくつ,困窮,こんきゅう,窮極(きゅうきょく),窮屈(きゅうくつ),困窮(こんきゅう),
156,277,窮,窮,きわめる,窮める,きわめる,,,,,窮める(きわめる),,,←→究める，極める
156,278,窮,窮,きわまる,窮まる,きわまる,,,,,窮まる(きわまる),,,←→極まる
157,279,巨,巨,キョ,巨大,きょだい,巨匠,きょしょう,巨万,きょまん,巨大(きょだい),巨匠(きょしょう),巨万(きょまん),
158,280,拒,拒,キョ,拒絶,きょぜつ,,,,,拒絶(きょぜつ),,,
158,281,拒,拒,こばむ,拒む,こばむ,,,,,拒む(こばむ),,,
159,282,拠(據),拠,キョ,拠点,きょてん,占拠,せんきょ,根拠,こんきょ,拠点(きょてん),占拠(せんきょ),根拠(こんきょ),
159,283,拠(據),拠,コ,証拠,しょうこ,,,,,証拠(しょうこ),,,
160,284,虚(),虚,キョ,虚無,きょむ,虚偽,きょぎ,空虚,くうきょ,虚無(きょむ),虚偽(きょぎ),空虚(くうきょ),
160,285,虚(),虚,コ,虚空,こくう,,,,,虚空(こくう),,,
161,286,距,距,キョ,距離,きょり,,,,,距離(きょり),,,
162,287,御,御,ギョ,御者,ぎょしゃ,,,,,御者(ぎょしゃ),,,
162,288,御,御,ゴ,御飯,ごはん,御用,ごよう,御殿,ごてん,御飯(ごはん),御用(ごよう),御殿(ごてん),
162,289,御,御,おん,御中,おんちゅう,,,,,御中(おんちゅう),,,
163,290,凶,凶,キョウ,凶悪,きょうあく,凶作,きょうさく,吉凶,きっきょう,凶悪(きょうあく),凶作(きょうさく),吉凶(きっきょう),
164,291,叫,叫,キョウ,叫喚,きょうかん,,,,,叫喚(きょうかん),,,
164,292,叫,叫,さけぶ,叫ぶ,さけぶ,,,,,叫ぶ(さけぶ),,,
165,293,狂,狂,キョウ,狂気,きょうき,狂言,きょうげん,熱狂,ねっきょう,狂気(きょうき),狂言(きょうげん),熱狂(ねっきょう),
165,294,狂,狂,くるう,狂う,くるう,,,,,狂う(くるう),,,
165,295,狂,狂,くるおしい,狂おしい,くるおしい,,,,,狂おしい(くるおしい),,,
166,296,享,享,キョウ,享有,きょうゆう,享受,きょうじゅ,享楽,きょうらく,享有(きょうゆう),享受(きょうじゅ),享楽(きょうらく),
167,297,況,況,キョウ,状況,じょうきょう,実況,じっきょう,概況,がいきょう,状況(じょうきょう),実況(じっきょう),概況(がいきょう),
168,298,峡(峽),峡,キョウ,峡谷,きょうこく,地峡,ちきょう,海峡,かいきょう,峡谷(きょうこく),地峡(ちきょう),海峡(かいきょう),
169,299,挟(挾),挟,キョウ,挟撃,きょうげき,,,,,挟撃(きょうげき),,,
169,300,挟(挾),挟,はさむ,挟む,はさむ,,,,,挟む(はさむ),,,
169,301,挟(挾),挟,はさまる,挟まる,はさまる,,,,,挟まる(はさまる),,,
170,302,狭(狹),狭,キョウ,狭量,きょうりょう,広狭,こうきょう,偏狭,へんきょう,狭量(きょうりょう),広狭(こうきょう),偏狭(へんきょう),
170,303,狭(狹),狭,せまい,狭い,せまい,,,,,狭い(せまい),,,
170,304,狭(狹),狭,せばめる,狭める,せばめる,,,,,狭める(せばめる),,,
170,305,狭(狹),狭,せばまる,狭まる,せばまる,,,,,狭まる(せばまる),,,
171,306,恐,恐,キョウ,恐怖,きょうふ,恐縮,きょうしゅく,恐慌,きょうこう,恐怖(きょうふ),恐縮(きょうしゅく),恐慌(きょうこう),
171,307,恐,恐,おそれる,恐れる,おそれる,恐れ,おそれ,恐らく,おそらく,恐れる(おそれる),恐れ(おそれ),恐らく(おそらく),
171,308,恐,恐,おそろしい,恐ろしい,おそろしい,,,,,恐ろしい(おそろしい),,,
172,309,恭,恭,キョウ,恭賀,きょうが,,,,,恭賀(きょうが),,,
172,310,恭,恭,うやうやしい,恭しい,うやうやしい,,,,,恭しい(うやうやしい),,,
173,311,脅,脅,キョウ,脅迫,きょうはく,,,,,脅迫(きょうはく),,,
173,312,脅,脅,おびやかす,脅かす,おびやかす,,,,,脅かす(おびやかす),,,
173,313,脅,脅,おどす,脅す,おどす,脅し,おどし,脅し文句,おどしもんく,脅す(おどす),脅し(おどし),脅し文句(おどしもんく),
173,314,脅,脅,おどかす,脅かす,おびやかす,,,,,脅かす(おびやかす),,,
174,315,矯,矯,キョウ,矯正,きょうせい,,,,,矯正(きょうせい),,,
174,316,矯,矯,ためる,矯める,ためる,,,,,矯める(ためる),,,
175,317,響(),響,キョウ,音響,おんきょう,影響,えいきょう,交響楽,こうきょうがく,音響(おんきょう),影響(えいきょう),交響楽(こうきょうがく),
175,318,響(),響,ひびく,響く,ひびく,,,,,響く(ひびく),,,
176,319,驚,驚,キョウ,驚異,きょうい,,,,,驚異(きょうい),,,
176,320,驚,驚,おどろく,驚く,おどろく,,,,,驚く(おどろく),,,
176,321,驚,驚,おどろかす,驚かす,おどろかす,,,,,驚かす(おどろかす),,,
177,322,仰,仰,ギョウ,仰視,ぎょうし,仰天,ぎょうてん,仰角,ぎょうかく,仰視(ぎょうし),仰天(ぎょうてん),仰角(ぎょうかく),
177,323,仰,仰,コウ,信仰,しんこう,,,,,信仰(しんこう),,,
177,324,仰,仰,あおぐ,仰ぐ,あおぐ,,,,,仰ぐ(あおぐ),,,
177,325,仰,仰,おおせ,仰せ,おおせ,,,,,仰せ(おおせ),,,
178,326,暁(曉),暁,ギョウ,暁天,ぎょうてん,今暁,こんぎょう,通暁,つうぎょう,暁天(ぎょうてん),今暁(こんぎょう),通暁(つうぎょう),
178,327,暁(曉),暁,あかつき,暁,あかつき,,,,,暁(あかつき),,,
179,328,凝,凝,ギョウ,凝固,ぎょうこ,凝結,ぎょうけつ,凝視,ぎょうし,凝固(ぎょうこ),凝結(ぎょうけつ),凝視(ぎょうし),
179,329,凝,凝,こる,凝る,こる,,,,,凝る(こる),,,
179,330,凝,凝,こらす,凝らす,こらす,,,,,凝らす(こらす),,,
180,331,斤,斤,キン,斤量,きんりょう,,,,,斤量(きんりょう),,,
181,332,菌,菌,キン,細菌,さいきん,殺菌,さっきん,保菌者,ほきんしゃ,細菌(さいきん),殺菌(さっきん),保菌者(ほきんしゃ),
182,333,琴,琴,キン,琴線,きんせん,木琴,もっきん,手風琴,てふうきん,琴線(きんせん),木琴(もっきん),手風琴(てふうきん),
182,334,琴,琴,こと,琴,こと,,,,,琴(こと),,,
183,335,緊,緊,キン,緊張,きんちょう,緊密,きんみつ,緊急,きんきゅう,緊張(きんちょう),緊密(きんみつ),緊急(きんきゅう),
184,336,謹(),謹,キン,謹慎,きんしん,謹賀,きんが,謹呈,きんてい,謹慎(きんしん),謹賀(きんが),謹呈(きんてい),
184,337,謹(),謹,つつしむ,謹む,つつしむ,,,,,謹む(つつしむ),,,←→慎む
185,338,襟,襟,キン,襟度,きんど,開襟,かいきん,胸襟,きょうきん,襟度(きんど),開襟(かいきん),胸襟(きょうきん),
185,339,襟,襟,えり,襟,えり,,,,,襟(えり),,,
186,340,吟,吟,ギン,吟味,ぎんみ,詩吟,しぎん,苦吟,くぎん,吟味(ぎんみ),詩吟(しぎん),苦吟(くぎん),
187,341,駆(驅),駆,ク,駆使,くし,駆逐,くちく,先駆,せんく,駆使(くし),駆逐(くちく),先駆(せんく),
187,342,駆(驅),駆,かける,駆ける,かける,,,,,駆ける(かける),,,
187,343,駆(驅),駆,かる,駆る,かる,,,,,駆る(かる),,,
188,344,愚,愚,グ,愚問,ぐもん,愚鈍,ぐどん,暗愚,あんぐ,愚問(ぐもん),愚鈍(ぐどん),暗愚(あんぐ),
188,345,愚,愚,おろか,愚かだ,おろかだ,,,,,愚かだ(おろかだ),,,
189,346,偶,偶,グウ,偶然,ぐうぜん,偶数,ぐうすう,配偶者,はいぐうしゃ,偶然(ぐうぜん),偶数(ぐうすう),配偶者(はいぐうしゃ),
190,347,遇,遇,グウ,境遇,きょうぐう,待遇,たいぐう,遇する,ぐうする,境遇(きょうぐう),待遇(たいぐう),遇する(ぐうする),
191,348,隅,隅,グウ,一隅,いちぐう,,,,,一隅(いちぐう),,,
191,349,隅,隅,すみ,隅,すみ,,,,,隅(すみ),,,
192,350,屈,屈,クツ,屈辱,くつじょく,屈伸,くっしん,不屈,ふくつ,屈辱(くつじょく),屈伸(くっしん),不屈(ふくつ),
193,351,掘,掘,クツ,掘削,くっさく,発掘,はっくつ,採掘,さいくつ,掘削(くっさく),発掘(はっくつ),採掘(さいくつ),
193,352,掘,掘,ほる,掘る,ほる,,,,,掘る(ほる),,,
194,353,繰,繰,くる,繰る,くる,,,,,繰る(くる),,,
195,354,勲(勳),勲,クン,勲功,くんこう,勲章,くんしょう,殊勲,しゅくん,勲功(くんこう),勲章(くんしょう),殊勲(しゅくん),
196,355,薫(),薫,クン,薫風,くんぷう,,,,,薫風(くんぷう),,,
196,356,薫(),薫,かおる,薫る,かおる,,,,,薫る(かおる),,,←→香る
197,357,刑,刑,ケイ,刑罰,けいばつ,刑法,けいほう,処刑,しょけい,刑罰(けいばつ),刑法(けいほう),処刑(しょけい),
198,358,茎(莖),茎,ケイ,球茎,たまくき,,,,,球茎(たまくき),,,
198,359,茎(莖),茎,くき,茎,くき,,,,,茎(くき),,,
199,360,契,契,ケイ,契約,けいやく,契機,けいき,黙契,もっけい,契約(けいやく),契機(けいき),黙契(もっけい),
199,361,契,契,ちぎる,契る,ちぎる,,,,,契る(ちぎる),,,
200,362,恵(惠),恵,ケイ,恵贈,けいぞう,恵与,けいよ,恩恵,おんけい,恵贈(けいぞう),恵与(けいよ),恩恵(おんけい),
200,363,恵(惠),恵,エ,恵方参り,えほうまいり,,,,,恵方参り(えほうまいり),,,
200,364,恵(惠),恵,めぐむ,恵む,めぐむ,,,,,恵む(めぐむ),,,
201,365,啓,啓,ケイ,啓発,けいはつ,啓示,けいじ,拝啓,はいけい,啓発(けいはつ),啓示(けいじ),拝啓(はいけい),
202,366,掲(),掲,ケイ,掲示,けいじ,掲載,けいさい,前掲,ぜんけい,掲示(けいじ),掲載(けいさい),前掲(ぜんけい),
202,367,掲(),掲,かかげる,掲げる,かかげる,,,,,掲げる(かかげる),,,
203,368,渓(溪),渓,ケイ,渓谷,けいこく,渓流,けいりゅう,雪渓,せっけい,渓谷(けいこく),渓流(けいりゅう),雪渓(せっけい),
204,369,蛍(螢),蛍,ケイ,蛍光灯,けいこうとう,,,,,蛍光灯(けいこうとう),,,
204,370,蛍(螢),蛍,ほたる,蛍,ほたる,,,,,蛍(ほたる),,,
205,371,傾,傾,ケイ,傾斜,けいしゃ,傾倒,けいとう,傾向,けいこう,傾斜(けいしゃ),傾倒(けいとう),傾向(けいこう),
205,372,傾,傾,かたむく,傾く,かたむく,,,,,傾く(かたむく),,,
205,373,傾,傾,かたむける,傾ける,かたむける,,,,,傾ける(かたむける),,,
206,374,携,携,ケイ,携帯,けいたい,必携,ひっけい,提携,ていけい,携帯(けいたい),必携(ひっけい),提携(ていけい),
206,375,携,携,たずさえる,携える,たずさえる,,,,,携える(たずさえる),,,
206,376,携,携,たずさわる,携わる,たずさわる,,,,,携わる(たずさわる),,,
207,377,継(繼),継,ケイ,継続,けいぞく,継承,けいしょう,中継,ちゅうけい,継続(けいぞく),継承(けいしょう),中継(ちゅうけい),
207,378,継(繼),継,つぐ,継ぐ,つぐ,,,,,継ぐ(つぐ),,,←→接ぐ，次ぐ
208,379,慶,慶,ケイ,慶弔,けいちょう,慶祝,けいしゅく,慶賀,けいが,慶弔(けいちょう),慶祝(けいしゅく),慶賀(けいが),
209,380,憩,憩,ケイ,休憩,きゅうけい,,,,,休憩(きゅうけい),,,
209,381,憩,憩,いこい,憩い,いこい,,,,,憩い(いこい),,,
209,382,憩,憩,いこう,憩う,いこう,,,,,憩う(いこう),,,
210,383,鶏(鷄),鶏,ケイ,鶏卵,けいらん,鶏舎,けいしゃ,養鶏,ようけい,鶏卵(けいらん),鶏舎(けいしゃ),養鶏(ようけい),
210,384,鶏(鷄),鶏,にわとり,鶏,とり,,,,,鶏(とり),,,
211,385,迎,迎,ゲイ,迎合,げいごう,歓迎,かんげい,送迎,そうげい,迎合(げいごう),歓迎(かんげい),送迎(そうげい),
211,386,迎,迎,むかえる,迎える,むかえる,,,,,迎える(むかえる),,,
212,387,鯨,鯨,ゲイ,鯨油,げいゆ,,,,,鯨油(げいゆ),,,
212,388,鯨,鯨,くじら,鯨,くじら,,,,,鯨(くじら),,,
213,389,撃(),撃,ゲキ,撃退,げきたい,攻撃,こうげき,打撃,だげき,撃退(げきたい),攻撃(こうげき),打撃(だげき),
213,390,撃(),撃,うつ,撃つ,うつ,,,,,撃つ(うつ),,,←→打つ，討つ
214,391,傑,傑,ケツ,傑物,けつぶつ,傑作,けっさく,豪傑,ごうけつ,傑物(けつぶつ),傑作(けっさく),豪傑(ごうけつ),
215,392,肩,肩,ケン,肩章,けんしょう,双肩,そうけん,比肩,ひけん,肩章(けんしょう),双肩(そうけん),比肩(ひけん),
215,393,肩,肩,かた,肩,かた,,,,,肩(かた),,,
216,394,倹(儉),倹,ケン,倹約,けんやく,節倹,せっけん,勤倹,きんけん,倹約(けんやく),節倹(せっけん),勤倹(きんけん),
217,395,兼,兼,ケン,兼用,けんよう,兼任,けんにん,兼職,けんしょく,兼用(けんよう),兼任(けんにん),兼職(けんしょく),
217,396,兼,兼,かねる,兼ねる,かねる,,,,,兼ねる(かねる),,,
218,397,剣(劍),剣,ケン,剣道,けんどう,剣舞,けんぶ,刀剣,とうけん,剣道(けんどう),剣舞(けんぶ),刀剣(とうけん),
218,398,剣(劍),剣,つるぎ,剣,けん,,,,,剣(けん),,,
219,399,軒,軒,ケン,軒数,けんすう,,,,,軒数(けんすう),,,
219,400,軒,軒,のき,軒,のき,,,,,軒(のき),,,
220,401,圏(圈),圏,ケン,圏内,けんない,圏外,けんがい,成層圏,せいそうけん,圏内(けんない),圏外(けんがい),成層圏(せいそうけん),
221,402,堅,堅,ケン,堅固,けんご,堅実,けんじつ,中堅,ちゅうけん,堅固(けんご),堅実(けんじつ),中堅(ちゅうけん),
221,403,堅,堅,かたい,堅い,かたい,,,,,堅い(かたい),,,←→硬い，固い
222,404,嫌,嫌,ケン,嫌悪,けんお,,,,,嫌悪(けんお),,,
222,405,嫌,嫌,ゲン,機嫌,きげん,,,,,機嫌(きげん),,,
222,406,嫌,嫌,きらう,嫌う,きらう,,,,,嫌う(きらう),,,
222,407,嫌,嫌,いや,嫌だ,いやだ,嫌がる,いやがる,嫌気がさす,いやけがさす,嫌だ(いやだ),嫌がる(いやがる),嫌気がさす(いやけがさす),
223,408,献(獻),献,ケン,献上,けんじょう,献身的,けんしんてき,文献,ぶんけん,献上(けんじょう),献身的(けんしんてき),文献(ぶんけん),
223,409,献(獻),献,コン,献立,こんだて,,,,,献立(こんだて),,,
224,410,遣,遣,ケン,遣外,けんがい,派遣,はけん,分遣,ぶんけん,遣外(けんがい),派遣(はけん),分遣(ぶんけん),
224,411,遣,遣,つかう,遣う,つかう,,,,,遣う(つかう),,,←→使う
224,412,遣,遣,つかわす,遣わす,つかわす,,,,,遣わす(つかわす),,,
225,413,賢,賢,ケン,賢人,けんじん,賢明,けんめい,先賢,せんけん,賢人(けんじん),賢明(けんめい),先賢(せんけん),
225,414,賢,賢,かしこい,賢い,かしこい,,,,,賢い(かしこい),,,
226,415,謙,謙,ケン,謙虚,けんきょ,,,,,謙虚(けんきょ),,,
227,416,繭,繭,ケン,繭糸,けんし,,,,,繭糸(けんし),,,
227,417,繭,繭,まゆ,繭,まゆ,,,,,繭(まゆ),,,
228,418,顕(顯),顕,ケン,顕著,けんちょ,顕彰,けんしょう,顕微鏡,けんびきょう,顕著(けんちょ),顕彰(けんしょう),顕微鏡(けんびきょう),
229,419,懸,懸,ケン,懸垂,けんすい,懸賞,けんしょう,懸命,けんめい,懸垂(けんすい),懸賞(けんしょう),懸命(けんめい),
229,420,懸,懸,ケ,懸念,けねん,,,,,懸念(けねん),,,
229,421,懸,懸,かける,懸ける,かける,,,,,懸ける(かける),,,←→掛ける，架ける
229,422,懸,懸,かかる,懸かる,かかる,,,,,懸かる(かかる),,,←→掛かる，架かる
230,423,幻,幻,ゲン,幻滅,げんめつ,幻覚,げんかく,夢幻,むげん,幻滅(げんめつ),幻覚(げんかく),夢幻(むげん),
230,424,幻,幻,まぼろし,幻,まぼろし,,,,,幻(まぼろし),,,
231,425,玄,玄,ゲン,玄米,げんまい,玄関,げんかん,幽玄,ゆうげん,玄米(げんまい),玄関(げんかん),幽玄(ゆうげん),玄人(くろうと)
232,426,弦,弦,ゲン,上弦,じょうげん,,,,,上弦(じょうげん),,,
232,427,弦,弦,つる,弦,つる,,,,,弦(つる),,,
233,428,孤,孤,コ,孤児,こじ,孤独,こどく,孤立,こりつ,孤児(こじ),孤独(こどく),孤立(こりつ),
234,429,弧,弧,コ,弧状,こじょう,括弧,かっこ,円弧,えんこ,弧状(こじょう),括弧(かっこ),円弧(えんこ),
235,430,枯,枯,コ,枯死,こし,枯淡,こたん,栄枯,えいこ,枯死(こし),枯淡(こたん),栄枯(えいこ),
235,431,枯,枯,かれる,枯れる,かれる,,,,,枯れる(かれる),,,
235,432,枯,枯,からす,枯らす,からす,,,,,枯らす(からす),,,
236,433,雇,雇,コ,雇用,こよう,雇員,こいん,解雇,かいこ,雇用(こよう),雇員(こいん),解雇(かいこ),
236,434,雇,雇,やとう,雇う,やとう,,,,,雇う(やとう),,,
237,435,誇,誇,コ,誇示,こじ,誇大,こだい,誇張,こちょう,誇示(こじ),誇大(こだい),誇張(こちょう),
237,436,誇,誇,ほこる,誇る,ほこる,誇り,ほこり,誇らしい,ほこらしい,誇る(ほこる),誇り(ほこり),誇らしい(ほこらしい),
238,437,鼓,鼓,コ,鼓動,こどう,鼓舞,こぶ,太鼓,たいこ,鼓動(こどう),鼓舞(こぶ),太鼓(たいこ),
238,438,鼓,鼓,つづみ,鼓,つづみ,,,,,鼓(つづみ),,,
239,439,顧,顧,コ,顧慮,こりょ,顧問,こもん,回顧,かいこ,顧慮(こりょ),顧問(こもん),回顧(かいこ),
239,440,顧,顧,かえりみる,顧みる,かえりみる,,,,,顧みる(かえりみる),,,←→省みる
240,441,互,互,ゴ,互角,ごかく,互選,ごせん,相互,そうご,互角(ごかく),互選(ごせん),相互(そうご),
240,442,互,互,たがい,互い,たがい,互いに,たがいに,互い違い,たがいちがい,互い(たがい),互いに(たがいに),互い違い(たがいちがい),
241,443,呉,呉,ゴ,呉服,ごふく,,,,,呉服(ごふく),,,
242,444,娯,娯,ゴ,娯楽,ごらく,,,,,娯楽(ごらく),,,
243,445,悟,悟,ゴ,悟性,ごせい,覚悟,かくご,悔悟,かいご,悟性(ごせい),覚悟(かくご),悔悟(かいご),
243,446,悟,悟,さとる,悟る,さとる,,,,,悟る(さとる),,,
244,447,碁,碁,ゴ,碁石,ごいし,碁盤,ごばん,囲碁,いご,碁石(ごいし),碁盤(ごばん),囲碁(いご),
245,448,孔,孔,コウ,鼻孔,びこう,,,,,鼻孔(びこう),,,
246,449,巧,巧,コウ,巧拙,こうせつ,巧妙,こうみょう,技巧,ぎこう,巧拙(こうせつ),巧妙(こうみょう),技巧(ぎこう),
246,450,巧,巧,たくみ,巧みな術,たくみなじゅつ,,,,,巧みな術(たくみなじゅつ),,,
247,451,甲,甲,コウ,甲乙,こうおつ,,,,,甲乙(こうおつ),,,
247,452,甲,甲,カン,甲板,かんぱん,,,,,甲板(かんぱん),,,「甲板」は，「コウハン」とも。
248,453,江,江,コウ,江湖,こうこ,,,,,江湖(こうこ),,,
248,454,江,江,え,入り江,いりえ,,,,,入り江(いりえ),,,
249,455,坑,坑,コウ,坑道,こうどう,炭坑,たんこう,廃坑,はいこう,坑道(こうどう),炭坑(たんこう),廃坑(はいこう),
250,456,抗,抗,コウ,抗争,こうそう,抗議,こうぎ,対抗,たいこう,抗争(こうそう),抗議(こうぎ),対抗(たいこう),
251,457,攻,攻,コウ,攻守,こうしゅ,攻撃,こうげき,専攻,せんこう,攻守(こうしゅ),攻撃(こうげき),専攻(せんこう),
251,458,攻,攻,せめる,攻める,せめる,,,,,攻める(せめる),,,
252,459,更,更,コウ,更新,こうしん,更迭,こうてつ,変更,へんこう,更新(こうしん),更迭(こうてつ),変更(へんこう),
252,460,更,更,さら,更に,さらに,,,,,更に(さらに),,,
252,461,更,更,ふける,更ける,ふける,,,,,更ける(ふける),,,
252,462,更,更,ふかす,更かす,ふかす,,,,,更かす(ふかす),,,
253,463,拘,拘,コウ,拘束,こうそく,拘留,こうりゅう,拘置,こうち,拘束(こうそく),拘留(こうりゅう),拘置(こうち),
254,464,肯,肯,コウ,肯定,こうてい,,,,,肯定(こうてい),,,
255,465,侯,侯,コウ,諸侯,しょこう,,,,,諸侯(しょこう),,,
256,466,恒(恆),恒,コウ,恒常,こうじょう,恒例,こうれい,恒久,つねひさ,恒常(こうじょう),恒例(こうれい),恒久(つねひさ),
257,467,洪,洪,コウ,洪水,こうずい,,,,,洪水(こうずい),,,
258,468,荒,荒,コウ,荒天,こうてん,荒廃,こうはい,荒涼,こうりょう,荒天(こうてん),荒廃(こうはい),荒涼(こうりょう),
258,469,荒,荒,あらい,荒い,あらい,荒波,あらなみ,荒々しい,あらあらしい,荒い(あらい),荒波(あらなみ),荒々しい(あらあらしい),←→粗い
258,470,荒,荒,あれる,荒れる,あれる,荒れ地,あれち,大荒れ,おおあれ,荒れる(あれる),荒れ地(あれち),大荒れ(おおあれ),
258,471,荒,荒,あらす,荒らす,あらす,,,,,荒らす(あらす),,,
259,472,郊,郊,コウ,郊外,こうがい,,,,,郊外(こうがい),,,
260,473,貢,貢,コウ,貢献,こうけん,,,,,貢献(こうけん),,,
260,474,貢,貢,ク,年貢,ねんぐ,,,,,年貢(ねんぐ),,,
260,475,貢,貢,みつぐ,貢ぐ,みつぐ,,,,,貢ぐ(みつぐ),,,
261,476,控,控,コウ,控除,こうじょ,,,,,控除(こうじょ),,,
261,477,控,控,ひかえる,控える,ひかえる,,,,,控える(ひかえる),,,
262,478,慌,慌,コウ,恐慌,きょうこう,,,,,恐慌(きょうこう),,,
262,479,慌,慌,あわてる,慌てる,あわてる,,,,,慌てる(あわてる),,,
262,480,慌,慌,あわただしい,慌ただしい,あわただしい,慌ただしさ,あわただしさ,慌ただしげだ,あわただしげだ,慌ただしい(あわただしい),慌ただしさ(あわただしさ),慌ただしげだ(あわただしげだ),
263,481,硬,硬,コウ,硬度,こうど,硬貨,こうか,生硬,せいこう,硬度(こうど),硬貨(こうか),生硬(せいこう),
263,482,硬,硬,かたい,硬い,かたい,,,,,硬い(かたい),,,←→堅い，固い
264,483,絞,絞,コウ,絞殺,こうさつ,,,,,絞殺(こうさつ),,,
264,484,絞,絞,しぼる,絞る,しぼる,絞り上げる,しぼりあげる,絞り,しぼり,絞る(しぼる),絞り上げる(しぼりあげる),絞り(しぼり),←→搾る
264,485,絞,絞,しめる,絞める,しめる,,,,,絞める(しめる),,,←→締める
264,486,絞,絞,しまる,絞まる,しまる,,,,,絞まる(しまる),,,←→締まる
265,487,項,項,コウ,項目,こうもく,事項,じこう,条項,じょうこう,項目(こうもく),事項(じこう),条項(じょうこう),
266,488,溝,溝,コウ,下水溝,げすいこう,,,,,下水溝(げすいこう),,,
266,489,溝,溝,みぞ,溝,みぞ,,,,,溝(みぞ),,,
267,490,綱,綱,コウ,綱紀,つなのり,綱領,こうりょう,大綱,たいこう,綱紀(つなのり),綱領(こうりょう),大綱(たいこう),
267,491,綱,綱,つな,綱,つな,,,,,綱(つな),,,
268,492,酵,酵,コウ,酵母,こうぼ,,,,,酵母(こうぼ),,,
269,493,稿,稿,コウ,草稿,そうこう,原稿,げんこう,投稿,とうこう,草稿(そうこう),原稿(げんこう),投稿(とうこう),
270,494,衡,衡,コウ,均衡,きんこう,平衡,へいこう,度量衡,どりょうこう,均衡(きんこう),平衡(へいこう),度量衡(どりょうこう),
271,495,購,購,コウ,購入,こうにゅう,購買,こうばい,購読,こうどく,購入(こうにゅう),購買(こうばい),購読(こうどく),
272,496,拷,拷,ゴウ,拷問,ごうもん,,,,,拷問(ごうもん),,,
273,497,剛,剛,ゴウ,剛健,ごうけん,,,,,剛健(ごうけん),,,
274,498,豪,豪,ゴウ,豪遊,ごうゆう,豪雨,ごうう,文豪,ぶんごう,豪遊(ごうゆう),豪雨(ごうう),文豪(ぶんごう),
275,499,克,克,コク,克服,こくふく,克明,かつあき,克己,かつみ,克服(こくふく),克明(かつあき),克己(かつみ),
276,500,酷,酷,コク,酷似,こくじ,冷酷,れいこく,残酷,ざんこく,酷似(こくじ),冷酷(れいこく),残酷(ざんこく),
277,501,獄,獄,ゴク,獄舎,ごくしゃ,地獄,じごく,疑獄,ぎごく,獄舎(ごくしゃ),地獄(じごく),疑獄(ぎごく),
278,502,込,込,こむ,込む,こむ,,,,,込む(こむ),,,
278,503,込,込,こめる,込める,こめる,,,,,込める(こめる),,,
279,504,昆,昆,コン,昆虫,こんちゅう,,,,,昆虫(こんちゅう),,,「昆布」は，「コブ」とも。
280,505,恨,恨,コン,遺恨,いこん,痛恨,つうこん,悔恨,かいこん,遺恨(いこん),痛恨(つうこん),悔恨(かいこん),
280,506,恨,恨,うらむ,恨む,うらむ,,,,,恨む(うらむ),,,
280,507,恨,恨,うらめしい,恨めしい,うらめしい,,,,,恨めしい(うらめしい),,,
281,508,婚,婚,コン,婚約,こんやく,結婚,けっこん,新婚,しんこん,婚約(こんやく),結婚(けっこん),新婚(しんこん),
282,509,紺,紺,コン,紺青,こんじょう,紺屋,こうや,濃紺,のうこん,紺青(こんじょう),紺屋(こうや),濃紺(のうこん),「紺屋」は，「コウや」とも。
283,510,魂,魂,コン,魂胆,こんたん,霊魂,れいこん,商魂,しょうこん,魂胆(こんたん),霊魂(れいこん),商魂(しょうこん),
283,511,魂,魂,たましい,魂,たましい,,,,,魂(たましい),,,
284,512,墾,墾,コン,開墾,かいこん,,,,,開墾(かいこん),,,
285,513,懇,懇,コン,懇切,こんせつ,,,,,懇切(こんせつ),,,
285,514,懇,懇,ねんごろ,懇ろだ,ねんごろだ,,,,,懇ろだ(ねんごろだ),,,
286,515,唆,唆,サ,教唆,きょうさ,,,,,教唆(きょうさ),,,
286,516,唆,唆,そそのかす,唆す,そそのかす,,,,,唆す(そそのかす),,,
287,517,詐,詐,サ,詐欺,さぎ,詐取,さしゅ,詐称,さしょう,詐欺(さぎ),詐取(さしゅ),詐称(さしょう),
288,518,鎖,鎖,サ,鎖国,さこく,連鎖,れんさ,封鎖,ふうさ,鎖国(さこく),連鎖(れんさ),封鎖(ふうさ),
288,519,鎖,鎖,くさり,鎖,くさり,,,,,鎖(くさり),,,
289,520,砕(碎),砕,サイ,砕石,さいせき,砕氷,さいひょう,粉砕,ふんさい,砕石(さいせき),砕氷(さいひょう),粉砕(ふんさい),
289,521,砕(碎),砕,くだく,砕く,くだく,,,,,砕く(くだく),,,
289,522,砕(碎),砕,くだける,砕ける,くだける,,,,,砕ける(くだける),,,
290,523,宰,宰,サイ,宰領,さいりょう,宰相,さいしょう,主宰,しゅさい,宰領(さいりょう),宰相(さいしょう),主宰(しゅさい),
291,524,栽,栽,サイ,栽培,さいばい,,,,,栽培(さいばい),,,
292,525,彩,彩,サイ,彩色,さいしき,色彩,しきさい,淡彩,たんさい,彩色(さいしき),色彩(しきさい),淡彩(たんさい),
292,526,彩,彩,いろどる,彩る,いろどる,,,,,彩る(いろどる),,,
293,527,斎(齋),斎,サイ,斎場,さいじょう,潔斎,けっさい,書斎,しょさい,斎場(さいじょう),潔斎(けっさい),書斎(しょさい),
294,528,債,債,サイ,債務,さいむ,負債,ふさい,公債,こうさい,債務(さいむ),負債(ふさい),公債(こうさい),
295,529,催,催,サイ,催眠,さいみん,開催,かいさい,主催,しゅさい,催眠(さいみん),開催(かいさい),主催(しゅさい),
295,530,催,催,もよおす,催す,もよおす,,,,,催す(もよおす),,,
296,531,歳,歳,サイ,歳末,さいまつ,歳月,さいげつ,二十歳,はたち,歳末(さいまつ),歳月(さいげつ),二十歳(はたち),二十歳(はたち)
296,532,歳,歳,セイ,歳暮,せいぼ,,,,,歳暮(せいぼ),,,
297,533,載,載,サイ,積載,せきさい,掲載,けいさい,記載,きさい,積載(せきさい),掲載(けいさい),記載(きさい),
297,534,載,載,のせる,載せる,のせる,,,,,載せる(のせる),,,←→乗せる
297,535,載,載,のる,載る,のる,,,,,載る(のる),,,←→乗る
298,536,剤(劑),剤,ザイ,薬剤師,やくざいし,錠剤,じょうざい,消化剤,しょうかざい,薬剤師(やくざいし),錠剤(じょうざい),消化剤(しょうかざい),
299,537,削,削,サク,削除,さくじょ,削減,さくげん,添削,てんさく,削除(さくじょ),削減(さくげん),添削(てんさく),
299,538,削,削,けずる,削る,けずる,,,,,削る(けずる),,,
300,539,索,索,サク,索引,さくいん,思索,しさく,鉄索,てっさく,索引(さくいん),思索(しさく),鉄索(てっさく),
301,540,酢,酢,サク,酢酸,さくさん,,,,,酢酸(さくさん),,,
301,541,酢,酢,す,酢,す,,,,,酢(す),,,
302,542,搾,搾,サク,搾取,さくしゅ,,,,,搾取(さくしゅ),,,
302,543,搾,搾,しぼる,搾る,しぼる,,,,,搾る(しぼる),,,←→絞る
303,544,錯,錯,サク,錯誤,さくご,錯覚,さっかく,交錯,こうさく,錯誤(さくご),錯覚(さっかく),交錯(こうさく),
304,545,咲,咲,さく,咲く,さく,,,,,咲く(さく),,,
305,546,撮,撮,サツ,撮影,さつえい,,,,,撮影(さつえい),,,
305,547,撮,撮,とる,撮る,とる,,,,,撮る(とる),,,
306,548,擦,擦,サツ,擦過傷,さっかしょう,,,,,擦過傷(さっかしょう),,,
306,549,擦,擦,する,擦る,する,,,,,擦る(する),,,
306,550,擦,擦,すれる,擦れる,すれる,,,,,擦れる(すれる),,,
307,551,桟(棧),桟,サン,桟,さん,,,,,桟(さん),,,桟敷(さじき)
308,552,惨(慘),惨,サン,惨劇,さんげき,悲惨,ひさん,陰惨,いんさん,惨劇(さんげき),悲惨(ひさん),陰惨(いんさん),
308,553,惨(慘),惨,ザン,惨死,ざんし,,,,,惨死(ざんし),,,
308,554,惨(慘),惨,みじめ,惨めだ,みじめだ,,,,,惨めだ(みじめだ),,,
309,555,傘,傘,サン,傘下,さんか,,,,,傘下(さんか),,,
309,556,傘,傘,かさ,傘,かさ,雨傘,あまがさ,日傘,ひがさ,傘(かさ),雨傘(あまがさ),日傘(ひがさ),
310,557,暫,暫,ザン,暫時,ざんじ,,,,,暫時(ざんじ),,,
311,558,旨,旨,シ,要旨,ようし,趣旨,しゅし,本旨,ほんし,要旨(ようし),趣旨(しゅし),本旨(ほんし),
311,559,旨,旨,むね,旨,むね,,,,,旨(むね),,,
312,560,伺,伺,シ,伺候,しこう,,,,,伺候(しこう),,,
312,561,伺,伺,うかがう,伺う,うかがう,,,,,伺う(うかがう),,,
313,562,刺,刺,シ,刺激,しげき,名刺,めいし,風刺,ふうし,刺激(しげき),名刺(めいし),風刺(ふうし),
313,563,刺,刺,さす,刺す,さす,,,,,刺す(さす),,,←→差す，指す，挿す
313,564,刺,刺,ささる,刺さる,ささる,,,,,刺さる(ささる),,,
314,565,雌,雌,シ,雌雄,しゆう,,,,,雌雄(しゆう),,,
314,566,雌,雌,め,雌花,めばな,雌牛,めうし,雌しべ,めしべ,雌花(めばな),雌牛(めうし),雌しべ(めしべ),
314,567,雌,雌,めす,雌,めす,,,,,雌(めす),,,
315,568,賜,賜,シ,賜暇,しか,下賜,かし,恩賜,おんし,賜暇(しか),下賜(かし),恩賜(おんし),
315,569,賜,賜,たまわる,賜る,たまわる,,,,,賜る(たまわる),,,
316,570,諮,諮,シ,諮問,しもん,,,,,諮問(しもん),,,
316,571,諮,諮,はかる,諮る,はかる,,,,,諮る(はかる),,,
317,572,侍,侍,ジ,侍従,じじゅう,侍女,じじょ,侍医,じい,侍従(じじゅう),侍女(じじょ),侍医(じい),
317,573,侍,侍,さむらい,侍,さむらい,,,,,侍(さむらい),,,
318,574,慈,慈,ジ,慈愛,じあい,慈善,じぜん,慈悲,じひ,慈愛(じあい),慈善(じぜん),慈悲(じひ),
318,575,慈,慈,いつくしむ,慈しむ,いつくしむ,,,,,慈しむ(いつくしむ),,,
319,576,璽,璽,ジ,御璽,ぎょじ,,,,,御璽(ぎょじ),,,
320,577,軸,軸,ジク,軸,じく,車軸,しゃじく,地軸,ちじく,軸(じく),車軸(しゃじく),地軸(ちじく),
321,578,疾,疾,シツ,疾患,しっかん,疾走,しっそう,悪疾,あくしつ,疾患(しっかん),疾走(しっそう),悪疾(あくしつ),
322,579,執,執,シツ,執務,しつむ,執筆,しっぴつ,確執,かくしつ,執務(しつむ),執筆(しっぴつ),確執(かくしつ),
322,580,執,執,シュウ,執念,しゅうねん,執心,しゅうしん,我執,がしゅう,執念(しゅうねん),執心(しゅうしん),我執(がしゅう),
322,581,執,執,とる,執る,とる,,,,,執る(とる),,,←→取る，採る
323,582,湿(濕),湿,シツ,湿度,しつど,湿地,しっち,多湿,たしつ,湿度(しつど),湿地(しっち),多湿(たしつ),
323,583,湿(濕),湿,しめる,湿る,しめる,,,,,湿る(しめる),,,
323,584,湿(濕),湿,しめす,湿す,しめす,,,,,湿す(しめす),,,
324,585,漆,漆,シツ,漆器,しっき,漆黒,しっこく,乾漆,かんしつ,漆器(しっき),漆黒(しっこく),乾漆(かんしつ),
324,586,漆,漆,うるし,漆,うるし,,,,,漆(うるし),,,
325,587,芝,芝,しば,芝,しば,,,,,芝(しば),,,芝生(しばふ)
326,588,赦,赦,シャ,赦免,しゃめん,大赦,たいしゃ,恩赦,おんしゃ,赦免(しゃめん),大赦(たいしゃ),恩赦(おんしゃ),
327,589,斜,斜,シャ,斜面,しゃめん,斜線,しゃせん,傾斜,けいしゃ,斜面(しゃめん),斜線(しゃせん),傾斜(けいしゃ),
327,590,斜,斜,ななめ,斜め,ななめ,,,,,斜め(ななめ),,,
328,591,煮(),煮,シャ,煮沸,しゃふつ,,,,,煮沸(しゃふつ),,,
328,592,煮(),煮,にる,煮る,にる,,,,,煮る(にる),,,
328,593,煮(),煮,にえる,煮える,にえる,,,,,煮える(にえる),,,
328,594,煮(),煮,にやす,業を煮やす,ごうをにやす,,,,,業を煮やす(ごうをにやす),,,
329,595,遮,遮,シャ,遮断,しゃだん,,,,,遮断(しゃだん),,,
329,596,遮,遮,さえぎる,遮る,さえぎる,,,,,遮る(さえぎる),,,
330,597,邪,邪,ジャ,邪悪,じゃあく,邪推,じゃすい,正邪,せいじゃ,邪悪(じゃあく),邪推(じゃすい),正邪(せいじゃ),風邪(かぜ)
331,598,蛇,蛇,ジャ,蛇の目,じゃのめ,蛇腹,じゃばら,大蛇,だいじゃ,蛇の目(じゃのめ),蛇腹(じゃばら),大蛇(だいじゃ),
331,599,蛇,蛇,ダ,蛇行,だこう,蛇足,だそく,長蛇,ちょうだ,蛇行(だこう),蛇足(だそく),長蛇(ちょうだ),
331,600,蛇,蛇,へび,蛇,へび,,,,,蛇(へび),,,
332,601,勺,勺,シャク,0,0,,,,,0(0),,,
333,602,酌,酌,シャク,酌量,しゃくりょう,,,,,酌量(しゃくりょう),,,
333,603,酌,酌,くむ,酌む,くむ,,,,,酌む(くむ),,,
334,604,釈(釋),釈,シャク,釈明,しゃくめい,釈放,しゃくほう,解釈,かいしゃく,釈明(しゃくめい),釈放(しゃくほう),解釈(かいしゃく),
335,605,爵,爵,シャク,爵位,しゃくい,,,,,爵位(しゃくい),,,
336,606,寂,寂,ジャク,寂滅,じゃくめつ,静寂,せいじゃく,閑寂,かんじゃく,寂滅(じゃくめつ),静寂(せいじゃく),閑寂(かんじゃく),
336,607,寂,寂,セキ,寂然,せきぜん,,,,,寂然(せきぜん),,,「寂然」は，「ジャクネン」とも。
336,608,寂,寂,さび,寂,さび,,,,,寂(さび),,,
336,609,寂,寂,さびしい,寂しい,さびしい,,,,,寂しい(さびしい),,,
336,610,寂,寂,さびれる,寂れる,さびれる,,,,,寂れる(さびれる),,,
337,611,朱,朱,シュ,朱肉,しゅにく,朱筆,しゅひつ,朱塗り,しゅぬり,朱肉(しゅにく),朱筆(しゅひつ),朱塗り(しゅぬり),
338,612,狩,狩,シュ,狩猟,しゅりょう,,,,,狩猟(しゅりょう),,,
338,613,狩,狩,かる,狩る,かる,,,,,狩る(かる),,,
338,614,狩,狩,かり,狩り,かり,,,,,狩り(かり),,,
339,615,殊,殊,シュ,殊勝,しゅしょう,殊勲,しゅくん,特殊,とくしゅ,殊勝(しゅしょう),殊勲(しゅくん),特殊(とくしゅ),
339,616,殊,殊,こと,殊に,ことに,殊の外,ことのほか,殊更,ことさら,殊に(ことに),殊の外(ことのほか),殊更(ことさら),
340,617,珠,珠,シュ,珠玉,しゅぎょく,珠算,しゅざん,真珠,しんじゅ,珠玉(しゅぎょく),珠算(しゅざん),真珠(しんじゅ),数珠(じゅず)
341,618,趣,趣,シュ,趣向,しゅこう,趣味,しゅみ,興趣,きょうしゅ,趣向(しゅこう),趣味(しゅみ),興趣(きょうしゅ),
341,619,趣,趣,おもむき,趣,おもむき,,,,,趣(おもむき),,,
342,620,寿(壽),寿,ジュ,寿命,じゅみょう,長寿,ちょうじゅ,米寿,べいじゅ,寿命(じゅみょう),長寿(ちょうじゅ),米寿(べいじゅ),
342,621,寿(壽),寿,ことぶき,寿,ひさし,,,,,寿(ひさし),,,
343,622,需,需,ジュ,需要,じゅよう,需給,じゅきゅう,必需品,ひつじゅひん,需要(じゅよう),需給(じゅきゅう),必需品(ひつじゅひん),
344,623,儒,儒,ジュ,儒学,じゅがく,儒教,じゅきょう,儒者,じゅしゃ,儒学(じゅがく),儒教(じゅきょう),儒者(じゅしゃ),
345,624,囚,囚,シュウ,囚人,しゅうじん,,,,,囚人(しゅうじん),,,
346,625,舟,舟,シュウ,舟運,しゅううん,舟艇,せんてい,舟航,しゅうこう,舟運(しゅううん),舟艇(せんてい),舟航(しゅうこう),
346,626,舟,舟,ふね,舟,ふね,小舟,こぶね,渡し舟,わたしぶね,舟(ふね),小舟(こぶね),渡し舟(わたしぶね),←→船
346,627,舟,舟,ふな,舟遊び,ふなあそび,舟宿,ふなやど,舟歌,ふなうた,舟遊び(ふなあそび),舟宿(ふなやど),舟歌(ふなうた),
347,628,秀,秀,シュウ,秀逸,しゅういつ,秀才,しゅうさい,優秀,ゆうしゅう,秀逸(しゅういつ),秀才(しゅうさい),優秀(ゆうしゅう),
347,629,秀,秀,ひいでる,秀でる,ひいでる,,,,,秀でる(ひいでる),,,
348,630,臭(),臭,シュウ,臭気,しゅうき,悪臭,あくしゅう,俗臭,ぞくしゅう,臭気(しゅうき),悪臭(あくしゅう),俗臭(ぞくしゅう),
348,631,臭(),臭,くさい,臭い,くさい,臭み,くさみ,臭さ,くささ,臭い(くさい),臭み(くさみ),臭さ(くささ),
349,632,愁,愁,シュウ,愁傷,しゅうしょう,哀愁,あいしゅう,憂愁,ゆうしゅう,愁傷(しゅうしょう),哀愁(あいしゅう),憂愁(ゆうしゅう),
349,633,愁,愁,うれえる,愁える,うれえる,,,,,愁える(うれえる),,,←→憂える
349,634,愁,愁,うれい,愁い,うれい,,,,,愁い(うれい),,,←→憂い
350,635,酬,酬,シュウ,報酬,ほうしゅう,,,,,報酬(ほうしゅう),,,
351,636,醜,醜,シュウ,醜悪,しゅうあく,醜態,しゅうたい,美醜,びしゅう,醜悪(しゅうあく),醜態(しゅうたい),美醜(びしゅう),
351,637,醜,醜,みにくい,醜い,みにくい,,,,,醜い(みにくい),,,
352,638,襲,襲,シュウ,襲撃,しゅうげき,襲名,しゅうめい,世襲,せしゅう,襲撃(しゅうげき),襲名(しゅうめい),世襲(せしゅう),
352,639,襲,襲,おそう,襲う,おそう,,,,,襲う(おそう),,,
353,640,汁,汁,ジュウ,果汁,かじゅう,,,,,果汁(かじゅう),,,
353,641,汁,汁,しる,汁,しる,,,,,汁(しる),,,
354,642,充,充,ジュウ,充実,じゅうじつ,充電,じゅうでん,補充,ほじゅう,充実(じゅうじつ),充電(じゅうでん),補充(ほじゅう),
354,643,充,充,あてる,充てる,あてる,,,,,充てる(あてる),,,←→当てる
355,644,柔,柔,ジュウ,柔軟,じゅうなん,柔道,じゅうどう,懐柔,かいじゅう,柔軟(じゅうなん),柔道(じゅうどう),懐柔(かいじゅう),
355,645,柔,柔,ニュウ,柔和,にゅうわ,,,,,柔和(にゅうわ),,,
355,646,柔,柔,やわらか,柔らかだ,やわらかだ,,,,,柔らかだ(やわらかだ),,,←→軟らか
355,647,柔,柔,やわらかい,柔らかい,やわらかい,,,,,柔らかい(やわらかい),,,←→軟らかい
356,648,渋(澁),渋,ジュウ,渋滞,じゅうたい,,,,,渋滞(じゅうたい),,,
356,649,渋(澁),渋,しぶ,渋,しぶ,,,,,渋(しぶ),,,
356,650,渋(澁),渋,しぶい,渋い,しぶい,渋さ,しぶさ,渋み,しぶみ,渋い(しぶい),渋さ(しぶさ),渋み(しぶみ),
356,651,渋(澁),渋,しぶる,渋る,しぶる,,,,,渋る(しぶる),,,
357,652,銃,銃,ジュウ,銃砲,じゅうほう,銃弾,じゅうだん,小銃,しょうじゅう,銃砲(じゅうほう),銃弾(じゅうだん),小銃(しょうじゅう),
358,653,獣(獸),獣,ジュウ,獣類,じゅうるい,猛獣,もうじゅう,鳥獣,ちょうじゅう,獣類(じゅうるい),猛獣(もうじゅう),鳥獣(ちょうじゅう),
358,654,獣(獸),獣,けもの,獣,けもの,,,,,獣(けもの),,,
359,655,叔,叔,シュク,伯叔,はくしゅく,,,,,伯叔(はくしゅく),,,叔父(おじ)
359,656,叔,叔,,0,0,,,,,0(0),,,叔母(おば)
360,657,淑,淑,シュク,淑女,しゅくじょ,貞淑,ていしゅく,私淑,ししゅく,淑女(しゅくじょ),貞淑(ていしゅく),私淑(ししゅく),
361,658,粛(肅),粛,シュク,粛清,しゅくせい,静粛,せいしゅく,自粛,じしゅく,粛清(しゅくせい),静粛(せいしゅく),自粛(じしゅく),
362,659,塾,塾,ジュク,塾,じゅく,,,,,塾(じゅく),,,
363,660,俊,俊,シュン,俊敏,しゅんびん,俊秀,としひで,俊才,しゅんさい,俊敏(しゅんびん),俊秀(としひで),俊才(しゅんさい),
364,661,瞬,瞬,シュン,瞬間,しゅんかん,瞬時,しゅんじ,一瞬,いっしゅん,瞬間(しゅんかん),瞬時(しゅんじ),一瞬(いっしゅん),
364,662,瞬,瞬,またたく,瞬く,まばたく,,,,,瞬く(まばたく),,,
365,663,旬,旬,ジュン,旬刊,じゅんかん,,,,,旬刊(じゅんかん),,,
366,664,巡,巡,ジュン,巡回,じゅんかい,巡業,じゅんぎょう,一巡,いちじゅん,巡回(じゅんかい),巡業(じゅんぎょう),一巡(いちじゅん),
366,665,巡,巡,めぐる,巡る,めぐる,,,,,巡る(めぐる),,,お巡(まわ)りさん
367,666,盾,盾,ジュン,矛盾,むじゅん,,,,,矛盾(むじゅん),,,
367,667,盾,盾,たて,盾,たて,,,,,盾(たて),,,
368,668,准,准,ジュン,准将,じゅんしょう,,,,,准将(じゅんしょう),,,
369,669,殉,殉,ジュン,殉死,じゅんし,殉職,じゅんしょく,殉難,じゅんなん,殉死(じゅんし),殉職(じゅんしょく),殉難(じゅんなん),
370,670,循,循,ジュン,循環,じゅんかん,,,,,循環(じゅんかん),,,
371,671,潤,潤,ジュン,潤色,じゅんしょく,潤沢,じゅんたく,湿潤,しつじゅん,潤色(じゅんしょく),潤沢(じゅんたく),湿潤(しつじゅん),
371,672,潤,潤,うるおう,潤う,うるおう,,,,,潤う(うるおう),,,
371,673,潤,潤,うるおす,潤す,うるおす,,,,,潤す(うるおす),,,
371,674,潤,潤,うるむ,潤む,うるむ,,,,,潤む(うるむ),,,
372,675,遵,遵,ジュン,遵守,じゅんしゅ,,,,,遵守(じゅんしゅ),,,
373,676,庶,庶,ショ,庶民,しょみん,,,,,庶民(しょみん),,,
374,677,緒(),緒,ショ,緒戦,しょせん,由緒,ゆいしょ,端緒,たんしょ,緒戦(しょせん),由緒(ゆいしょ),端緒(たんしょ),
374,678,緒(),緒,チョ,情緒,じょうちょ,,,,,情緒(じょうちょ),,,「情緒」は，「ジョウショ」とも。
374,679,緒(),緒,お,緒,お,,,,,緒(お),,,
375,680,如,如,ジョ,欠如,けつじょ,突如,とつじょ,躍如,やくじょ,欠如(けつじょ),突如(とつじょ),躍如(やくじょ),
375,681,如,如,ニョ,如実,にょじつ,如来,にょらい,不如意,ふにょい,如実(にょじつ),如来(にょらい),不如意(ふにょい),
376,682,叙(敍),叙,ジョ,叙述,じょじゅつ,叙景,じょけい,叙勲,じょくん,叙述(じょじゅつ),叙景(じょけい),叙勲(じょくん),
377,683,徐,徐,ジョ,徐行,じょこう,,,,,徐行(じょこう),,,
378,684,升,升,ショウ,0,0,,,,,0(0),,,
378,685,升,升,ます,升,ます,,,,,升(ます),,,
379,686,召,召,ショウ,召喚,しょうかん,,,,,召喚(しょうかん),,,
379,687,召,召,めす,召す,めす,,,,,召す(めす),,,
380,688,匠,匠,ショウ,師匠,ししょう,巨匠,きょしょう,意匠,いしょう,師匠(ししょう),巨匠(きょしょう),意匠(いしょう),
381,689,床,床,ショウ,起床,きしょう,病床,びょうしょう,温床,おんしょう,起床(きしょう),病床(びょうしょう),温床(おんしょう),
381,690,床,床,とこ,床,ゆか,床の間,とこのま,寝床,ねどこ,床(ゆか),床の間(とこのま),寝床(ねどこ),
381,691,床,床,ゆか,床,ゆか,,,,,床(ゆか),,,
382,692,抄,抄,ショウ,抄録,しょうろく,抄本,しょうほん,抄訳,しょうやく,抄録(しょうろく),抄本(しょうほん),抄訳(しょうやく),
383,693,肖,肖,ショウ,肖像,しょうぞう,,,,,肖像(しょうぞう),,,
384,694,尚,尚,ショウ,尚早,しょうそう,,,,,尚早(しょうそう),,,
385,695,昇,昇,ショウ,昇降,しょうこう,昇進,しょうしん,上昇,じょうしょう,昇降(しょうこう),昇進(しょうしん),上昇(じょうしょう),
385,696,昇,昇,のぼる,昇る,のぼる,,,,,昇る(のぼる),,,←→上る，登る
386,697,沼,沼,ショウ,沼沢,ぬまざわ,,,,,沼沢(ぬまざわ),,,
386,698,沼,沼,ぬま,沼,ぬま,,,,,沼(ぬま),,,
387,699,宵,宵,ショウ,徹宵,てっしょう,,,,,徹宵(てっしょう),,,
387,700,宵,宵,よい,宵,よい,,,,,宵(よい),,,
388,701,症,症,ショウ,症状,しょうじょう,炎症,えんしょう,重症,じゅうしょう,症状(しょうじょう),炎症(えんしょう),重症(じゅうしょう),
389,702,祥(),祥,ショウ,発祥,はっしょう,吉祥,きちじょう,不祥事,ふしょうじ,発祥(はっしょう),吉祥(きちじょう),不祥事(ふしょうじ),
390,703,称(),称,ショウ,称賛,しょうさん,名称,めいしょう,称する,しょうする,称賛(しょうさん),名称(めいしょう),称する(しょうする),
391,704,渉(),渉,ショウ,渉外,しょうがい,干渉,かんしょう,交渉,こうしょう,渉外(しょうがい),干渉(かんしょう),交渉(こうしょう),
392,705,紹,紹,ショウ,紹介,しょうかい,,,,,紹介(しょうかい),,,
393,706,訟,訟,ショウ,訴訟,そしょう,,,,,訴訟(そしょう),,,
394,707,掌,掌,ショウ,掌中,しょうちゅう,職掌,しょくしょう,車掌,しゃしょう,掌中(しょうちゅう),職掌(しょくしょう),車掌(しゃしょう),
395,708,晶,晶,ショウ,結晶,けっしょう,,,,,結晶(けっしょう),,,
396,709,焦,焦,ショウ,焦土,しょうど,焦慮,しょうりょ,焦心,しょうしん,焦土(しょうど),焦慮(しょうりょ),焦心(しょうしん),
396,710,焦,焦,こげる,焦げる,こげる,,,,,焦げる(こげる),,,
396,711,焦,焦,こがす,焦がす,こがす,,,,,焦がす(こがす),,,
396,712,焦,焦,こがれる,焦がれる,こがれる,,,,,焦がれる(こがれる),,,
396,713,焦,焦,あせる,焦る,あせる,,,,,焦る(あせる),,,
397,714,硝,硝,ショウ,硝石,しょうせき,,,,,硝石(しょうせき),,,
398,715,粧,粧,ショウ,化粧,けしょう,,,,,化粧(けしょう),,,
399,716,詔,詔,ショウ,詔勅,しょうちょく,,,,,詔勅(しょうちょく),,,
399,717,詔,詔,みことのり,詔,みことのり,,,,,詔(みことのり),,,
400,718,奨(奬),奨,ショウ,奨励,しょうれい,奨学金,しょうがくきん,推奨,すいしょう,奨励(しょうれい),奨学金(しょうがくきん),推奨(すいしょう),
401,719,詳,詳,ショウ,詳細,しょうさい,詳報,しょうほう,未詳,みしょう,詳細(しょうさい),詳報(しょうほう),未詳(みしょう),
401,720,詳,詳,くわしい,詳しい,くわしい,,,,,詳しい(くわしい),,,
402,721,彰,彰,ショウ,表彰,ひょうしょう,,,,,表彰(ひょうしょう),,,
403,722,衝,衝,ショウ,衝突,しょうとつ,衝動,しょうどう,折衝,せっしょう,衝突(しょうとつ),衝動(しょうどう),折衝(せっしょう),
404,723,償,償,ショウ,償金,しょうきん,弁償,べんしょう,代償,だいしょう,償金(しょうきん),弁償(べんしょう),代償(だいしょう),
404,724,償,償,つぐなう,償う,つぐなう,,,,,償う(つぐなう),,,
405,725,礁,礁,ショウ,岩礁,がんしょう,暗礁,あんしょう,さんご礁,さんごしょう,岩礁(がんしょう),暗礁(あんしょう),さんご礁(さんごしょう),
406,726,鐘,鐘,ショウ,半鐘,はんしょう,,,,,半鐘(はんしょう),,,
406,727,鐘,鐘,かね,鐘,かね,,,,,鐘(かね),,,
407,728,丈,丈,ジョウ,丈六,じょうろく,,,,,丈六(じょうろく),,,
407,729,丈,丈,たけ,丈,たけ,,,,,丈(たけ),,,
408,730,冗,冗,ジョウ,冗談,じょうだん,冗長,じょうちょう,冗費,じょうひ,冗談(じょうだん),冗長(じょうちょう),冗費(じょうひ),
409,731,浄(淨),浄,ジョウ,浄化,じょうか,清浄,しょうじょう,不浄,ふじょう,浄化(じょうか),清浄(しょうじょう),不浄(ふじょう),
410,732,剰(剩),剰,ジョウ,剰余,じょうよ,過剰,かじょう,余剰,よじょう,剰余(じょうよ),過剰(かじょう),余剰(よじょう),
411,733,畳(疊),畳,ジョウ,畳語,じょうご,,,,,畳語(じょうご),,,
411,734,畳(疊),畳,たたむ,畳む,たたむ,,,,,畳む(たたむ),,,
411,735,畳(疊),畳,たたみ,畳,たたみ,畳表,たたみおもて,青畳,あおだたみ,畳(たたみ),畳表(たたみおもて),青畳(あおだたみ),
412,736,壌(壤),壌,ジョウ,土壌,どじょう,,,,,土壌(どじょう),,,
413,737,嬢(孃),嬢,ジョウ,令嬢,れいじょう,愛嬢,あいじょう,お嬢さん,おじょうさん,令嬢(れいじょう),愛嬢(あいじょう),お嬢さん(おじょうさん),
414,738,錠,錠,ジョウ,錠前,じょうまえ,錠剤,じょうざい,手錠,てじょう,錠前(じょうまえ),錠剤(じょうざい),手錠(てじょう),
415,739,譲(讓),譲,ジョウ,譲渡,じょうと,譲歩,じょうほ,謙譲,けんじょう,譲渡(じょうと),譲歩(じょうほ),謙譲(けんじょう),
415,740,譲(讓),譲,ゆずる,譲る,ゆずる,,,,,譲る(ゆずる),,,
416,741,醸(釀),醸,ジョウ,醸造,じょうぞう,,,,,醸造(じょうぞう),,,
416,742,醸(釀),醸,かもす,醸す,かもす,,,,,醸す(かもす),,,
417,743,殖,殖,ショク,生殖,せいしょく,利殖,りしょく,学殖,がくしょく,生殖(せいしょく),利殖(りしょく),学殖(がくしょく),
417,744,殖,殖,ふえる,殖える,ふえる,,,,,殖える(ふえる),,,←→増える
417,745,殖,殖,ふやす,殖やす,ふやす,,,,,殖やす(ふやす),,,←→増やす
418,746,飾,飾,ショク,装飾,そうしょく,修飾,しゅうしょく,服飾,ふくしょく,装飾(そうしょく),修飾(しゅうしょく),服飾(ふくしょく),
418,747,飾,飾,かざる,飾る,かざる,,,,,飾る(かざる),,,
419,748,触(觸),触,ショク,触媒,しょくばい,触発,しょくはつ,接触,せっしょく,触媒(しょくばい),触発(しょくはつ),接触(せっしょく),
419,749,触(觸),触,ふれる,触れる,ふれる,,,,,触れる(ふれる),,,
419,750,触(觸),触,さわる,触る,さわる,,,,,触る(さわる),,,
420,751,嘱(囑),嘱,ショク,嘱託,しょくたく,,,,,嘱託(しょくたく),,,
421,752,辱,辱,ジョク,恥辱,ちじょく,雪辱,せつじょく,屈辱,くつじょく,恥辱(ちじょく),雪辱(せつじょく),屈辱(くつじょく),
421,753,辱,辱,はずかしめる,辱める,はずかしめる,,,,,辱める(はずかしめる),,,
422,754,伸,伸,シン,伸縮,しんしゅく,屈伸,くっしん,追伸,ついしん,伸縮(しんしゅく),屈伸(くっしん),追伸(ついしん),
422,755,伸,伸,のびる,伸びる,のびる,,,,,伸びる(のびる),,,←→延びる
422,756,伸,伸,のばす,伸ばす,のばす,,,,,伸ばす(のばす),,,←→延ばす
423,757,辛,辛,シン,辛苦,しんく,辛酸,しんさん,香辛料,こうしんりょう,辛苦(しんく),辛酸(しんさん),香辛料(こうしんりょう),
423,758,辛,辛,からい,辛い,からい,辛み,からみ,辛うじて,かろうじて,辛い(からい),辛み(からみ),辛うじて(かろうじて),
424,759,侵,侵,シン,侵入,しんにゅう,侵害,しんがい,不可侵,ふかしん,侵入(しんにゅう),侵害(しんがい),不可侵(ふかしん),
424,760,侵,侵,おかす,侵す,おかす,,,,,侵す(おかす),,,←→犯す，冒す
425,761,津,津,シン,興味津々,きょうみしんしん,,,,,興味津々(きょうみしんしん),,,
425,762,津,津,つ,津波,つなみ,,,,,津波(つなみ),,,
426,763,唇,唇,シン,口唇,こうしん,,,,,口唇(こうしん),,,
426,764,唇,唇,くちびる,唇,くちびる,,,,,唇(くちびる),,,
427,765,娠,娠,シン,妊娠,にんしん,,,,,妊娠(にんしん),,,
428,766,振,振,シン,振動,しんどう,振興,しんこう,不振,ふしん,振動(しんどう),振興(しんこう),不振(ふしん),
428,767,振,振,ふる,振る,ふる,,,,,振る(ふる),,,
428,768,振,振,ふるう,振るう,ふるう,,,,,振るう(ふるう),,,←→奮う，震う
429,769,浸,浸,シン,浸水,しんすい,,,,,浸水(しんすい),,,
429,770,浸,浸,ひたす,浸す,ひたす,,,,,浸す(ひたす),,,
429,771,浸,浸,ひたる,浸る,ひたる,,,,,浸る(ひたる),,,
430,772,紳,紳,シン,紳士,しんし,,,,,紳士(しんし),,,
431,773,診,診,シン,診察,しんさつ,診療,しんりょう,往診,おうしん,診察(しんさつ),診療(しんりょう),往診(おうしん),
431,774,診,診,みる,診る,みる,,,,,診る(みる),,,←→見る
432,775,寝(寢),寝,シン,寝室,しんしつ,寝具,しんぐ,就寝,しゅうしん,寝室(しんしつ),寝具(しんぐ),就寝(しゅうしん),
432,776,寝(寢),寝,ねる,寝る,ねる,寝入る,ねいる,昼寝,ひるね,寝る(ねる),寝入る(ねいる),昼寝(ひるね),
432,777,寝(寢),寝,ねかす,寝かす,ねかす,,,,,寝かす(ねかす),,,
433,778,慎(愼),慎,シン,慎重,しんちょう,,,,,慎重(しんちょう),,,
433,779,慎(愼),慎,つつしむ,慎む,つつしむ,,,,,慎む(つつしむ),,,←→謹む
434,780,審,審,シン,審判,しんぱん,審議,しんぎ,不審,ふしん,審判(しんぱん),審議(しんぎ),不審(ふしん),
435,781,震,震,シン,震動,しんどう,震災,しんさい,地震,じしん,震動(しんどう),震災(しんさい),地震(じしん),
435,782,震,震,ふるう,震う,ふるう,,,,,震う(ふるう),,,←→奮う，振るう
435,783,震,震,ふるえる,震える,ふるえる,,,,,震える(ふるえる),,,
436,784,薪,薪,シン,薪炭,しんたん,,,,,薪炭(しんたん),,,
436,785,薪,薪,たきぎ,薪,たきぎ,,,,,薪(たきぎ),,,
437,786,刃,刃,ジン,白刃,しらは,凶刃,きょうじん,自刃,じじん,白刃(しらは),凶刃(きょうじん),自刃(じじん),
437,787,刃,刃,は,刃,は,刃物,はもの,両刃,りょうば,刃(は),刃物(はもの),両刃(りょうば),
438,788,尽(盡),尽,ジン,尽力,じんりょく,,,,,尽力(じんりょく),,,
438,789,尽(盡),尽,つくす,尽くす,つくす,,,,,尽くす(つくす),,,
438,790,尽(盡),尽,つきる,尽きる,つきる,,,,,尽きる(つきる),,,
438,791,尽(盡),尽,つかす,愛想を尽かす,あいそをつかす,,,,,愛想を尽かす(あいそをつかす),,,
439,792,迅,迅,ジン,迅速,じんそく,,,,,迅速(じんそく),,,
440,793,甚,甚,ジン,甚大,じんだい,激甚,げきじん,幸甚,こうじん,甚大(じんだい),激甚(げきじん),幸甚(こうじん),
440,794,甚,甚,はなはだ,甚だ,はなはだ,,,,,甚だ(はなはだ),,,
440,795,甚,甚,はなはだしい,甚だしい,はなはだしい,,,,,甚だしい(はなはだしい),,,
441,796,陣,陣,ジン,陣頭,じんとう,陣痛,じんつう,円陣,えんじん,陣頭(じんとう),陣痛(じんつう),円陣(えんじん),
442,797,尋,尋,ジン,尋問,じんもん,尋常,じんじょう,千尋,ちひろ,尋問(じんもん),尋常(じんじょう),千尋(ちひろ),
442,798,尋,尋,たずねる,尋ねる,たずねる,,,,,尋ねる(たずねる),,,←→訪ねる
443,799,吹,吹,スイ,吹奏,すいそう,吹鳴,すいめい,鼓吹,こすい,吹奏(すいそう),吹鳴(すいめい),鼓吹(こすい),息吹(いぶき)吹雪(ふぶき)
443,800,吹,吹,ふく,吹く,ふく,,,,,吹く(ふく),,,←→噴く
444,801,炊,炊,スイ,炊事,すいじ,自炊,じすい,雑炊,ぞうすい,炊事(すいじ),自炊(じすい),雑炊(ぞうすい),
444,802,炊,炊,たく,炊く,たく,,,,,炊く(たく),,,
445,803,帥,帥,スイ,統帥,とうすい,,,,,統帥(とうすい),,,
446,804,粋(粹),粋,スイ,粋人,すいじん,純粋,じゅんすい,精粋,せいすい,粋人(すいじん),純粋(じゅんすい),精粋(せいすい),
447,805,衰,衰,スイ,衰弱,すいじゃく,盛衰,せいすい,老衰,ろうすい,衰弱(すいじゃく),盛衰(せいすい),老衰(ろうすい),
447,806,衰,衰,おとろえる,衰える,おとろえる,,,,,衰える(おとろえる),,,
448,807,酔(醉),酔,スイ,酔漢,すいかん,麻酔,ますい,心酔,しんすい,酔漢(すいかん),麻酔(ますい),心酔(しんすい),
448,808,酔(醉),酔,よう,酔う,よう,酔い,よい,二日酔い,ふつかよい,酔う(よう),酔い(よい),二日酔い(ふつかよい),
449,809,遂,遂,スイ,遂行,すいこう,未遂,みすい,完遂,かんすい,遂行(すいこう),未遂(みすい),完遂(かんすい),
449,810,遂,遂,とげる,遂げる,とげる,,,,,遂げる(とげる),,,
450,811,睡,睡,スイ,睡眠,すいみん,熟睡,じゅくすい,午睡,ごすい,睡眠(すいみん),熟睡(じゅくすい),午睡(ごすい),
451,812,穂(穗),穂,スイ,穂状,すいじょう,,,,,穂状(すいじょう),,,
451,813,穂(穗),穂,ほ,穂,ほ,,,,,穂(ほ),,,
452,814,錘,錘,スイ,紡錘,ぼうすい,,,,,紡錘(ぼうすい),,,
452,815,錘,錘,つむ,錘,おもり,,,,,錘(おもり),,,
453,816,随(隨),随,ズイ,随行,ずいこう,随意,ずいい,追随,ついずい,随行(ずいこう),随意(ずいい),追随(ついずい),
454,817,髄(髓),髄,ズイ,骨髄,こつずい,脳髄,のうずい,真髄,しんずい,骨髄(こつずい),脳髄(のうずい),真髄(しんずい),
455,818,枢(樞),枢,スウ,枢軸,すうじく,枢要,すうよう,中枢,ちゅうすう,枢軸(すうじく),枢要(すうよう),中枢(ちゅうすう),
456,819,崇,崇,スウ,崇拝,すうはい,,,,,崇拝(すうはい),,,
457,820,据,据,すえる,据える,すえる,,,,,据える(すえる),,,
457,821,据,据,すわる,据わる,すわる,,,,,据わる(すわる),,,←→座る
458,822,杉,杉,すぎ,杉,すぎ,,,,,杉(すぎ),,,
459,823,畝,畝,せ,0,0,,,,,0(0),,,
459,824,畝,畝,うね,畝,うね,畝間,うねかん,畝織,うねおり,畝(うね),畝間(うねかん),畝織(うねおり),
460,825,瀬(),瀬,せ,瀬,せ,浅瀬,あさせ,立つ瀬,たつせ,瀬(せ),浅瀬(あさせ),立つ瀬(たつせ),
461,826,是,是,ゼ,是非,ぜひ,是認,ぜにん,国是,こくぜ,是非(ぜひ),是認(ぜにん),国是(こくぜ),
462,827,姓,姓,セイ,姓名,せいめい,改姓,かいせい,同姓,どうせい,姓名(せいめい),改姓(かいせい),同姓(どうせい),
462,828,姓,姓,ショウ,百姓,ひゃくしょう,,,,,百姓(ひゃくしょう),,,
463,829,征,征,セイ,征服,せいふく,遠征,えんせい,出征,しゅっせい,征服(せいふく),遠征(えんせい),出征(しゅっせい),
464,830,斉(齊),斉,セイ,斉唱,せいしょう,,,,,斉唱(せいしょう),,,
465,831,牲,牲,セイ,犠牲,ぎせい,,,,,犠牲(ぎせい),,,
466,832,逝,逝,セイ,逝去,せいきょ,急逝,きゅうせい,長逝,ちょうせい,逝去(せいきょ),急逝(きゅうせい),長逝(ちょうせい),
466,833,逝,逝,ゆく,逝く,ゆく,,,,,逝く(ゆく),,,←→行く
467,834,婿,婿,セイ,女婿,じょせい,,,,,女婿(じょせい),,,
467,835,婿,婿,むこ,婿,むこ,,,,,婿(むこ),,,
468,836,誓,誓,セイ,誓約,せいやく,誓詞,せいし,宣誓,せんせい,誓約(せいやく),誓詞(せいし),宣誓(せんせい),
468,837,誓,誓,ちかう,誓う,ちかう,,,,,誓う(ちかう),,,
469,838,請,請,セイ,請求,せいきゅう,請願,せいがん,申請,しんせい,請求(せいきゅう),請願(せいがん),申請(しんせい),
469,839,請,請,シン,普請,ふしん,,,,,普請(ふしん),,,
469,840,請,請,こう,請う,こう,,,,,請う(こう),,,
469,841,請,請,うける,請ける,うける,請負,うけおい,下請け,したうけ,請ける(うける),請負(うけおい),下請け(したうけ),←→受ける
470,842,斥,斥,セキ,斥候,せっこう,,,,,斥候(せっこう),,,
471,843,析,析,セキ,析出,せきしゅつ,分析,ぶんせき,解析,かいせき,析出(せきしゅつ),分析(ぶんせき),解析(かいせき),
472,844,隻,隻,セキ,隻手,せきしゅ,,,,,隻手(せきしゅ),,,
473,845,惜,惜,セキ,惜敗,せきはい,痛惜,つうせき,愛惜,あいせき,惜敗(せきはい),痛惜(つうせき),愛惜(あいせき),
473,846,惜,惜,おしい,惜しい,おしい,,,,,惜しい(おしい),,,
473,847,惜,惜,おしむ,惜しむ,おしむ,,,,,惜しむ(おしむ),,,
474,848,跡,跡,セキ,追跡,ついせき,旧跡,きゅうせき,遺跡,いせき,追跡(ついせき),旧跡(きゅうせき),遺跡(いせき),
474,849,跡,跡,あと,跡,あと,足跡,あしあと,屋敷跡,やしきあと,跡(あと),足跡(あしあと),屋敷跡(やしきあと),←→後
475,850,籍,籍,セキ,書籍,しょせき,戸籍,こせき,本籍,ほんせき,書籍(しょせき),戸籍(こせき),本籍(ほんせき),
476,851,拙,拙,セツ,拙劣,せつれつ,拙速,せっそく,巧拙,こうせつ,拙劣(せつれつ),拙速(せっそく),巧拙(こうせつ),
477,852,窃(竊),窃,セツ,窃盗,せっとう,,,,,窃盗(せっとう),,,
478,853,摂(攝),摂,セツ,摂取,せっしゅ,,,,,摂取(せっしゅ),,,
479,854,仙,仙,セン,仙骨,せんこつ,仙人,せんにん,酒仙,しゅせん,仙骨(せんこつ),仙人(せんにん),酒仙(しゅせん),
480,855,占,占,セン,占拠,せんきょ,占星術,せんせいじゅつ,独占,どくせん,占拠(せんきょ),占星術(せんせいじゅつ),独占(どくせん),
480,856,占,占,しめる,占める,しめる,,,,,占める(しめる),,,
480,857,占,占,うらなう,占う,うらなう,,,,,占う(うらなう),,,
481,858,扇,扇,セン,扇子,せんす,扇風機,せんぷうき,扇状地,せんじょうち,扇子(せんす),扇風機(せんぷうき),扇状地(せんじょうち),
481,859,扇,扇,おうぎ,扇,おおぎ,,,,,扇(おおぎ),,,
482,860,栓,栓,セン,栓,せん,給水栓,きゅうすいせん,消火栓,しょうかせん,栓(せん),給水栓(きゅうすいせん),消火栓(しょうかせん),
483,861,旋,旋,セン,旋回,せんかい,旋律,せんりつ,周旋,しゅうせん,旋回(せんかい),旋律(せんりつ),周旋(しゅうせん),
484,862,践(踐),践,セン,実践,じっせん,,,,,実践(じっせん),,,
485,863,銑,銑,セン,銑鉄,せんてつ,,,,,銑鉄(せんてつ),,,
486,864,潜(潛),潜,セン,潜水,せんすい,潜在的,せんざいてき,沈潜,ちんせん,潜水(せんすい),潜在的(せんざいてき),沈潜(ちんせん),
486,865,潜(潛),潜,ひそむ,潜む,ひそむ,,,,,潜む(ひそむ),,,
486,866,潜(潛),潜,もぐる,潜る,もぐる,,,,,潜る(もぐる),,,
487,867,遷,遷,セン,遷延,せんえん,遷都,せんと,変遷,へんせん,遷延(せんえん),遷都(せんと),変遷(へんせん),
488,868,薦,薦,セン,推薦,すいせん,,,,,推薦(すいせん),,,
488,869,薦,薦,すすめる,薦める,すすめる,,,,,薦める(すすめる),,,←→進める，勧める
489,870,繊(纖),繊,セン,繊細,せんさい,繊維,せんい,化繊,かせん,繊細(せんさい),繊維(せんい),化繊(かせん),
490,871,鮮,鮮,セン,鮮魚,せんぎょ,鮮明,せんめい,新鮮,しんせん,鮮魚(せんぎょ),鮮明(せんめい),新鮮(しんせん),
490,872,鮮,鮮,あざやか,鮮やかだ,あざやかだ,,,,,鮮やかだ(あざやかだ),,,
491,873,禅(禪),禅,ゼン,禅宗,ぜんしゅう,禅寺,ぜんでら,座禅,ざぜん,禅宗(ぜんしゅう),禅寺(ぜんでら),座禅(ざぜん),
492,874,漸,漸,ゼン,漸次,ぜんじ,漸進的,ぜんしんてき,東漸,とうぜん,漸次(ぜんじ),漸進的(ぜんしんてき),東漸(とうぜん),
493,875,繕,繕,ゼン,修繕,しゅうぜん,,,,,修繕(しゅうぜん),,,
493,876,繕,繕,つくろう,繕う,つくろう,,,,,繕う(つくろう),,,
494,877,阻,阻,ソ,阻止,そし,阻害,そがい,険阻,けんそ,阻止(そし),阻害(そがい),険阻(けんそ),
494,878,阻,阻,はばむ,阻む,はばむ,,,,,阻む(はばむ),,,
495,879,租,租,ソ,租税,そぜい,,,,,租税(そぜい),,,
496,880,措,措,ソ,措置,そち,措辞,そじ,挙措,きょそ,措置(そち),措辞(そじ),挙措(きょそ),
497,881,粗,粗,ソ,粗密,そみつ,粗野,そや,精粗,せいそ,粗密(そみつ),粗野(そや),精粗(せいそ),
497,882,粗,粗,あらい,粗い,あらい,,,,,粗い(あらい),,,←→荒い
498,883,疎,疎,ソ,疎密,そみつ,疎外,そがい,親疎,しんそ,疎密(そみつ),疎外(そがい),親疎(しんそ),
498,884,疎,疎,うとい,疎い,うとい,,,,,疎い(うとい),,,
498,885,疎,疎,うとむ,疎む,うとむ,,,,,疎む(うとむ),,,
499,886,訴,訴,ソ,訴訟,そしょう,告訴,こくそ,哀訴,あいそ,訴訟(そしょう),告訴(こくそ),哀訴(あいそ),
499,887,訴,訴,うったえる,訴える,うったえる,,,,,訴える(うったえる),,,
500,888,塑,塑,ソ,塑像,そぞう,彫塑,ちょうそ,可塑性,かそせい,塑像(そぞう),彫塑(ちょうそ),可塑性(かそせい),
501,889,礎,礎,ソ,礎石,そせき,基礎,きそ,定礎,ていそ,礎石(そせき),基礎(きそ),定礎(ていそ),
501,890,礎,礎,いしずえ,礎,いしずえ,,,,,礎(いしずえ),,,
502,891,双(),双,ソウ,双肩,そうけん,双方,そうほう,無双,むそう,双肩(そうけん),双方(そうほう),無双(むそう),
502,892,双(),双,ふた,双子,ふたご,,,,,双子(ふたご),,,←→二
503,893,壮(壯),壮,ソウ,壮大,そうだい,壮健,そうけん,強壮,きょうそう,壮大(そうだい),壮健(そうけん),強壮(きょうそう),
504,894,荘(莊),荘,ソウ,荘厳,しょうごん,荘重,そうちょう,別荘,べっそう,荘厳(しょうごん),荘重(そうちょう),別荘(べっそう),
505,895,捜(搜),捜,ソウ,捜索,そうさく,,,,,捜索(そうさく),,,
505,896,捜(搜),捜,さがす,捜す,さがす,,,,,捜す(さがす),,,←→探す
506,897,挿(插),挿,ソウ,挿入,そうにゅう,,,,,挿入(そうにゅう),,,
506,898,挿(插),挿,さす,挿す,さす,挿絵,さしえ,挿し木,さしき,挿す(さす),挿絵(さしえ),挿し木(さしき),←→差す，刺す，指す
507,899,桑,桑,ソウ,桑園,そうえん,,,,,桑園(そうえん),,,
507,900,桑,桑,くわ,桑,くわ,,,,,桑(くわ),,,
508,901,掃,掃,ソウ,掃除,そうじ,清掃,せいそう,一掃,いっそう,掃除(そうじ),清掃(せいそう),一掃(いっそう),
508,902,掃,掃,はく,掃く,はく,,,,,掃く(はく),,,
509,903,曹,曹,ソウ,法曹,ほうそう,法曹界,ほうそうかい,陸曹,りくそう,法曹(ほうそう),法曹界(ほうそうかい),陸曹(りくそう),
510,904,喪,喪,ソウ,喪失,そうしつ,,,,,喪失(そうしつ),,,
510,905,喪,喪,も,喪,も,喪服,もふく,喪主,もしゅ,喪(も),喪服(もふく),喪主(もしゅ),
511,906,葬,葬,ソウ,葬儀,そうぎ,埋葬,まいそう,会葬,かいそう,葬儀(そうぎ),埋葬(まいそう),会葬(かいそう),
511,907,葬,葬,ほうむる,葬る,ほうむる,,,,,葬る(ほうむる),,,
512,908,僧(),僧,ソウ,僧院,そういん,高僧,こうそう,尼僧,にそう,僧院(そういん),高僧(こうそう),尼僧(にそう),
513,909,遭,遭,ソウ,遭遇,そうぐう,,,,,遭遇(そうぐう),,,
513,910,遭,遭,あう,遭う,あう,,,,,遭う(あう),,,←→合う，会う
514,911,槽,槽,ソウ,水槽,すいそう,,,,,水槽(すいそう),,,
515,912,燥,燥,ソウ,乾燥,かんそう,焦燥,しょうそう,高燥,こうそう,乾燥(かんそう),焦燥(しょうそう),高燥(こうそう),
516,913,霜,霜,ソウ,霜害,そうがい,,,,,霜害(そうがい),,,
516,914,霜,霜,しも,霜,しも,霜柱,しもばしら,初霜,はつしも,霜(しも),霜柱(しもばしら),初霜(はつしも),
517,915,騒(騷),騒,ソウ,騒動,そうどう,騒音,そうおん,物騒,ぶっそう,騒動(そうどう),騒音(そうおん),物騒(ぶっそう),
517,916,騒(騷),騒,さわぐ,騒ぐ,さわぐ,騒ぎ,さわぎ,騒がしい,さわがしい,騒ぐ(さわぐ),騒ぎ(さわぎ),騒がしい(さわがしい),
518,917,藻,藻,ソウ,藻類,そうるい,海藻,かいそう,詞藻,しも,藻類(そうるい),海藻(かいそう),詞藻(しも),
518,918,藻,藻,も,藻,も,,,,,藻(も),,,
519,919,憎(),憎,ゾウ,憎悪,ぞうお,,,,,憎悪(ぞうお),,,
519,920,憎(),憎,にくむ,憎む,にくむ,,,,,憎む(にくむ),,,
519,921,憎(),憎,にくい,憎い,にくい,,,,,憎い(にくい),,,
519,922,憎(),憎,にくらしい,憎らしい,にくらしい,,,,,憎らしい(にくらしい),,,
519,923,憎(),憎,にくしみ,憎しみ,にくしみ,,,,,憎しみ(にくしみ),,,
520,924,贈(),贈,ゾウ,贈与,ぞうよ,贈呈,ぞうてい,贈答,ぞうとう,贈与(ぞうよ),贈呈(ぞうてい),贈答(ぞうとう),
520,925,贈(),贈,ソウ,寄贈,きぞう,,,,,寄贈(きぞう),,,「寄贈」は，「キゾウ」とも。
520,926,贈(),贈,おくる,贈る,おくる,,,,,贈る(おくる),,,←→送る
521,927,即(),即,ソク,即応,そくおう,即席,そくせき,即興,そっきょう,即応(そくおう),即席(そくせき),即興(そっきょう),
522,928,促,促,ソク,促進,そくしん,促成,そくせい,催促,さいそく,促進(そくしん),促成(そくせい),催促(さいそく),
522,929,促,促,うながす,促す,うながす,,,,,促す(うながす),,,
523,930,俗,俗,ゾク,俗事,ぞくじ,風俗,ふうぞく,民俗,みんぞく,俗事(ぞくじ),風俗(ふうぞく),民俗(みんぞく),
524,931,賊,賊,ゾク,賊軍,ぞくぐん,,,,,賊軍(ぞくぐん),,,
525,932,妥,妥,ダ,妥当,だとう,妥結,だけつ,妥協,だきょう,妥当(だとう),妥結(だけつ),妥協(だきょう),
526,933,堕(墮),堕,ダ,堕落,だらく,,,,,堕落(だらく),,,
527,934,惰,惰,ダ,惰眠,だみん,惰気,だき,怠惰,たいだ,惰眠(だみん),惰気(だき),怠惰(たいだ),
528,935,駄,駄,ダ,駄菓子,だがし,駄作,ださく,無駄,むだ,駄菓子(だがし),駄作(ださく),無駄(むだ),
529,936,耐,耐,タイ,耐久,たいきゅう,耐火,たいか,忍耐,にんたい,耐久(たいきゅう),耐火(たいか),忍耐(にんたい),
529,937,耐,耐,たえる,耐える,たえる,,,,,耐える(たえる),,,←→堪える
530,938,怠,怠,タイ,怠惰,たいだ,,,,,怠惰(たいだ),,,
530,939,怠,怠,おこたる,怠る,おこたる,,,,,怠る(おこたる),,,
530,940,怠,怠,なまける,怠ける,なまける,,,,,怠ける(なまける),,,
531,941,胎,胎,タイ,胎児,たいじ,受胎,じゅたい,母胎,ぼたい,胎児(たいじ),受胎(じゅたい),母胎(ぼたい),
532,942,泰,泰,タイ,泰然,たいぜん,泰斗,たいと,安泰,あんたい,泰然(たいぜん),泰斗(たいと),安泰(あんたい),
533,943,袋,袋,タイ,風袋,ふうたい,,,,,風袋(ふうたい),,,足袋(たび)
533,944,袋,袋,ふくろ,袋,ふくろ,,,,,袋(ふくろ),,,
534,945,逮,逮,タイ,逮捕,たいほ,,,,,逮捕(たいほ),,,
535,946,替,替,タイ,代替,だいたい,,,,,代替(だいたい),,,為替(かわせ)
535,947,替,替,かえる,替える,かえる,,,,,替える(かえる),,,←→換える，代える，変える
535,948,替,替,かわる,替わる,かわる,,,,,替わる(かわる),,,←→換わる，代わる，変わる
536,949,滞(滯),滞,タイ,滞在,たいざい,滞貨,たいか,沈滞,ちんたい,滞在(たいざい),滞貨(たいか),沈滞(ちんたい),
536,950,滞(滯),滞,とどこおる,滞る,とどこおる,,,,,滞る(とどこおる),,,
537,951,滝(瀧),滝,たき,滝,たき,,,,,滝(たき),,,
538,952,択(擇),択,タク,選択,せんたく,採択,さいたく,二者択一,にしゃたくいつ,選択(せんたく),採択(さいたく),二者択一(にしゃたくいつ),
539,953,沢(澤),沢,タク,光沢,こうたく,,,,,光沢(こうたく),,,
539,954,沢(澤),沢,さわ,沢,さわ,,,,,沢(さわ),,,
540,955,卓,卓,タク,卓越,たくえつ,卓球,たっきゅう,食卓,しょくたく,卓越(たくえつ),卓球(たっきゅう),食卓(しょくたく),
541,956,拓,拓,タク,拓本,たくほん,,,,,拓本(たくほん),,,
542,957,託,託,タク,託宣,たくせん,委託,いたく,結託,けったく,託宣(たくせん),委託(いたく),結託(けったく),
543,958,濯,濯,タク,洗濯,せんたく,,,,,洗濯(せんたく),,,
544,959,諾,諾,ダク,諾否,だくひ,承諾,しょうだく,快諾,かいだく,諾否(だくひ),承諾(しょうだく),快諾(かいだく),
545,960,濁,濁,ダク,濁流,だくりゅう,濁音,だくおん,清濁,せいだく,濁流(だくりゅう),濁音(だくおん),清濁(せいだく),
545,961,濁,濁,にごる,濁る,にごる,,,,,濁る(にごる),,,
545,962,濁,濁,にごす,濁す,にごす,,,,,濁す(にごす),,,
546,963,但,但,ただし,但し,ただし,,,,,但し(ただし),,,
547,964,脱,脱,ダツ,脱衣,だつい,脱出,だっしゅつ,虚脱,きょだつ,脱衣(だつい),脱出(だっしゅつ),虚脱(きょだつ),
547,965,脱,脱,ぬぐ,脱ぐ,ぬぐ,,,,,脱ぐ(ぬぐ),,,
547,966,脱,脱,ぬげる,脱げる,ぬげる,,,,,脱げる(ぬげる),,,
548,967,奪,奪,ダツ,奪回,だっかい,奪取,だっしゅ,争奪,そうだつ,奪回(だっかい),奪取(だっしゅ),争奪(そうだつ),
548,968,奪,奪,うばう,奪う,うばう,,,,,奪う(うばう),,,
549,969,棚,棚,たな,棚,たな,戸棚,とだな,大陸棚,たいりくだな,棚(たな),戸棚(とだな),大陸棚(たいりくだな),
550,970,丹,丹,タン,丹念,たんねん,,,,,丹念(たんねん),,,
551,971,胆(膽),胆,タン,大胆,だいたん,落胆,らくたん,魂胆,こんたん,大胆(だいたん),落胆(らくたん),魂胆(こんたん),
552,972,淡,淡,タン,淡水,たんすい,濃淡,のうたん,冷淡,れいたん,淡水(たんすい),濃淡(のうたん),冷淡(れいたん),
552,973,淡,淡,あわい,淡い,あわい,,,,,淡い(あわい),,,
553,974,嘆(),嘆,タン,嘆息,たんそく,嘆願,たんがん,驚嘆,きょうたん,嘆息(たんそく),嘆願(たんがん),驚嘆(きょうたん),
553,975,嘆(),嘆,なげく,嘆く,なげく,,,,,嘆く(なげく),,,
553,976,嘆(),嘆,なげかわしい,嘆かわしい,なげかわしい,,,,,嘆かわしい(なげかわしい),,,
554,977,端,端,タン,端正,たんせい,末端,まったん,極端,きょくたん,端正(たんせい),末端(まったん),極端(きょくたん),
554,978,端,端,はし,端,はし,,,,,端(はし),,,
554,979,端,端,は,端数,はすう,半端,はんぱ,軒端,のきば,端数(はすう),半端(はんぱ),軒端(のきば),
554,980,端,端,はた,端,はし,川端,かわばた,道端,みちばた,端(はし),川端(かわばた),道端(みちばた),
555,981,鍛,鍛,タン,鍛錬,たんれん,,,,,鍛錬(たんれん),,,
555,982,鍛,鍛,きたえる,鍛える,きたえる,,,,,鍛える(きたえる),,,
556,983,弾(彈),弾,ダン,弾力,だんりょく,弾圧,だんあつ,爆弾,ばくだん,弾力(だんりょく),弾圧(だんあつ),爆弾(ばくだん),
556,984,弾(彈),弾,ひく,弾く,ひく,,,,,弾く(ひく),,,←→引く
556,985,弾(彈),弾,はずむ,弾む,はずむ,,,,,弾む(はずむ),,,
556,986,弾(彈),弾,たま,弾,だん,,,,,弾(だん),,,←→玉，球
557,987,壇,壇,ダン,壇上,だんじょう,花壇,かだん,文壇,ぶんだん,壇上(だんじょう),花壇(かだん),文壇(ぶんだん),
557,988,壇,壇,タン,土壇場,どたんば,,,,,土壇場(どたんば),,,
558,989,恥,恥,チ,恥辱,ちじょく,無恥,むち,破廉恥,はれんち,恥辱(ちじょく),無恥(むち),破廉恥(はれんち),
558,990,恥,恥,はじる,恥じる,はじる,,,,,恥じる(はじる),,,
558,991,恥,恥,はじ,恥,はじ,,,,,恥(はじ),,,
558,992,恥,恥,はじらう,恥じらう,はじらう,,,,,恥じらう(はじらう),,,
558,993,恥,恥,はずかしい,恥ずかしい,はずかしい,,,,,恥ずかしい(はずかしい),,,
559,994,致,致,チ,誘致,ゆうち,合致,がっち,風致,ふうち,誘致(ゆうち),合致(がっち),風致(ふうち),
559,995,致,致,いたす,致す,いたす,,,,,致す(いたす),,,
560,996,遅(遲),遅,チ,遅延,ちえん,遅刻,ちこく,遅速,ちそく,遅延(ちえん),遅刻(ちこく),遅速(ちそく),
560,997,遅(遲),遅,おくれる,遅れる,おくれる,,,,,遅れる(おくれる),,,←→後れる
560,998,遅(遲),遅,おくらす,遅らす,おくらす,,,,,遅らす(おくらす),,,
560,999,遅(遲),遅,おそい,遅い,おそい,,,,,遅い(おそい),,,
561,1000,痴(癡),痴,チ,痴情,ちじょう,,,,,痴情(ちじょう),,,
562,1001,稚,稚,チ,稚魚,ちぎょ,稚拙,ちせつ,幼稚,ようち,稚魚(ちぎょ),稚拙(ちせつ),幼稚(ようち),稚児(ちご)
563,1002,畜,畜,チク,畜産,ちくさん,牧畜,ぼくちく,家畜,かちく,畜産(ちくさん),牧畜(ぼくちく),家畜(かちく),
564,1003,逐,逐,チク,逐次,ちくじ,逐一,ちくいち,駆逐,くちく,逐次(ちくじ),逐一(ちくいち),駆逐(くちく),
565,1004,蓄,蓄,チク,蓄積,ちくせき,蓄電池,ちくでんち,貯蓄,ちょちく,蓄積(ちくせき),蓄電池(ちくでんち),貯蓄(ちょちく),
565,1005,蓄,蓄,たくわえる,蓄える,たくわえる,,,,,蓄える(たくわえる),,,
566,1006,秩,秩,チツ,秩序,ちつじょ,,,,,秩序(ちつじょ),,,
567,1007,窒,窒,チツ,窒息,ちっそく,,,,,窒息(ちっそく),,,
568,1008,嫡,嫡,チャク,嫡子,ちゃくし,,,,,嫡子(ちゃくし),,,
569,1009,抽,抽,チュウ,抽出,ちゅうしゅつ,,,,,抽出(ちゅうしゅつ),,,
570,1010,衷,衷,チュウ,衷心,ちゅうしん,折衷,せっちゅう,苦衷,くちゅう,衷心(ちゅうしん),折衷(せっちゅう),苦衷(くちゅう),
571,1011,鋳(鑄),鋳,チュウ,鋳造,ちゅうぞう,鋳鉄,ちゅうてつ,改鋳,かいちゅう,鋳造(ちゅうぞう),鋳鉄(ちゅうてつ),改鋳(かいちゅう),
571,1012,鋳(鑄),鋳,いる,鋳る,いる,鋳物,いもの,鋳型,いがた,鋳る(いる),鋳物(いもの),鋳型(いがた),
572,1013,駐,駐,チュウ,駐車,ちゅうしゃ,駐在,ちゅうざい,進駐,しんちゅう,駐車(ちゅうしゃ),駐在(ちゅうざい),進駐(しんちゅう),
573,1014,弔,弔,チョウ,弔問,ちょうもん,弔辞,ちょうじ,慶弔,けいちょう,弔問(ちょうもん),弔辞(ちょうじ),慶弔(けいちょう),
573,1015,弔,弔,とむらう,弔う,とむらう,,,,,弔う(とむらう),,,
574,1016,挑,挑,チョウ,挑戦,ちょうせん,,,,,挑戦(ちょうせん),,,
574,1017,挑,挑,いどむ,挑む,いどむ,,,,,挑む(いどむ),,,
575,1018,彫,彫,チョウ,彫刻,ちょうこく,彫塑,ちょうそ,木彫,もくちょう,彫刻(ちょうこく),彫塑(ちょうそ),木彫(もくちょう),
575,1019,彫,彫,ほる,彫る,ほる,,,,,彫る(ほる),,,
576,1020,眺,眺,チョウ,眺望,ちょうぼう,,,,,眺望(ちょうぼう),,,
576,1021,眺,眺,ながめる,眺める,ながめる,,,,,眺める(ながめる),,,
577,1022,釣,釣,チョウ,釣果,ちょうか,釣魚,ちょうぎょ,釣艇,つりてい,釣果(ちょうか),釣魚(ちょうぎょ),釣艇(つりてい),
577,1023,釣,釣,つる,釣る,つる,釣り,つり,釣り合い,つりあい,釣る(つる),釣り(つり),釣り合い(つりあい),
578,1024,脹,脹,チョウ,膨脹,ぼうちょう,,,,,膨脹(ぼうちょう),,,
579,1025,超,超,チョウ,超越,ちょうえつ,超過,ちょうか,入超,にゅうちょう,超越(ちょうえつ),超過(ちょうか),入超(にゅうちょう),
579,1026,超,超,こえる,超える,こえる,,,,,超える(こえる),,,←→越える
579,1027,超,超,こす,超す,こす,,,,,超す(こす),,,←→越す
580,1028,跳,跳,チョウ,跳躍,ちょうやく,,,,,跳躍(ちょうやく),,,
580,1029,跳,跳,はねる,跳ねる,はねる,,,,,跳ねる(はねる),,,
580,1030,跳,跳,とぶ,跳ぶ,とぶ,,,,,跳ぶ(とぶ),,,←→飛ぶ
581,1031,徴(),徴,チョウ,徴収,ちょうしゅう,特徴,とくちょう,象徴,しょうちょう,徴収(ちょうしゅう),特徴(とくちょう),象徴(しょうちょう),
582,1032,澄,澄,チョウ,清澄,きよすみ,,,,,清澄(きよすみ),,,
582,1033,澄,澄,すむ,澄む,すむ,,,,,澄む(すむ),,,
582,1034,澄,澄,すます,澄ます,すます,,,,,澄ます(すます),,,
583,1035,聴(聽),聴,チョウ,聴覚,ちょうかく,聴衆,ちょうしゅう,傍聴,ぼうちょう,聴覚(ちょうかく),聴衆(ちょうしゅう),傍聴(ぼうちょう),
583,1036,聴(聽),聴,きく,聴く,きく,,,,,聴く(きく),,,←→聞く
584,1037,懲(),懲,チョウ,懲罰,ちょうばつ,懲戒,ちょうかい,懲役,ちょうえき,懲罰(ちょうばつ),懲戒(ちょうかい),懲役(ちょうえき),
584,1038,懲(),懲,こりる,懲りる,こりる,,,,,懲りる(こりる),,,
584,1039,懲(),懲,こらす,懲らす,こらす,,,,,懲らす(こらす),,,
584,1040,懲(),懲,こらしめる,懲らしめる,こらしめる,,,,,懲らしめる(こらしめる),,,
585,1041,勅(敕),勅,チョク,勅語,ちょくご,勅使,ちょくし,詔勅,しょうちょく,勅語(ちょくご),勅使(ちょくし),詔勅(しょうちょく),
586,1042,沈,沈,チン,沈滞,ちんたい,沈黙,ちんもく,浮沈,ふちん,沈滞(ちんたい),沈黙(ちんもく),浮沈(ふちん),
586,1043,沈,沈,しずむ,沈む,しずむ,,,,,沈む(しずむ),,,
586,1044,沈,沈,しずめる,沈める,しずめる,,,,,沈める(しずめる),,,←→静める，鎮める
587,1045,珍,珍,チン,珍客,ちんきゃく,珍重,ちんちょう,珍妙,ちんみょう,珍客(ちんきゃく),珍重(ちんちょう),珍妙(ちんみょう),
587,1046,珍,珍,めずらしい,珍しい,めずらしい,珍しさ,めずらしさ,珍しがる,めずらしがる,珍しい(めずらしい),珍しさ(めずらしさ),珍しがる(めずらしがる),
588,1047,朕,朕,チン,0,0,,,,,0(0),,,
589,1048,陳,陳,チン,陳列,ちんれつ,陳謝,ちんしゃ,開陳,かいちん,陳列(ちんれつ),陳謝(ちんしゃ),開陳(かいちん),
590,1049,鎮(鎭),鎮,チン,鎮座,ちんざ,鎮静,ちんせい,重鎮,じゅうちん,鎮座(ちんざ),鎮静(ちんせい),重鎮(じゅうちん),
590,1050,鎮(鎭),鎮,しずめる,鎮める,しずめる,,,,,鎮める(しずめる),,,←→静める，沈める
590,1051,鎮(鎭),鎮,しずまる,鎮まる,しずまる,,,,,鎮まる(しずまる),,,←→静まる
591,1052,墜,墜,ツイ,墜落,ついらく,墜死,ついし,撃墜,げきつい,墜落(ついらく),墜死(ついし),撃墜(げきつい),
592,1053,塚(),塚,つか,塚,つか,,,,,塚(つか),,,
593,1054,漬,漬,つける,漬ける,つける,,,,,漬ける(つける),,,
593,1055,漬,漬,つかる,漬かる,つかる,,,,,漬かる(つかる),,,
594,1056,坪,坪,つぼ,坪数,つぼすう,,,,,坪数(つぼすう),,,
595,1057,呈,呈,テイ,呈上,ていじょう,進呈,しんてい,贈呈,ぞうてい,呈上(ていじょう),進呈(しんてい),贈呈(ぞうてい),
596,1058,廷,廷,テイ,宮廷,きゅうてい,法廷,ほうてい,出廷,しゅってい,宮廷(きゅうてい),法廷(ほうてい),出廷(しゅってい),
597,1059,抵,抵,テイ,抵抗,ていこう,抵触,ていしょく,大抵,たいてい,抵抗(ていこう),抵触(ていしょく),大抵(たいてい),
598,1060,邸,邸,テイ,邸宅,ていたく,邸内,ていない,私邸,してい,邸宅(ていたく),邸内(ていない),私邸(してい),
599,1061,亭,亭,テイ,亭主,ていしゅ,,,,,亭主(ていしゅ),,,
600,1062,貞,貞,テイ,貞淑,ていしゅく,貞操,ていそう,貞節,ていせつ,貞淑(ていしゅく),貞操(ていそう),貞節(ていせつ),
601,1063,帝,帝,テイ,帝王,ていおう,帝国,ていこく,皇帝,こうてい,帝王(ていおう),帝国(ていこく),皇帝(こうてい),
602,1064,訂,訂,テイ,訂正,ていせい,,,,,訂正(ていせい),,,
603,1065,逓(遞),逓,テイ,逓信,ていしん,逓送,ていそう,逓減,ていげん,逓信(ていしん),逓送(ていそう),逓減(ていげん),
604,1066,偵,偵,テイ,偵察,ていさつ,探偵,たんてい,内偵,ないてい,偵察(ていさつ),探偵(たんてい),内偵(ないてい),
605,1067,堤,堤,テイ,堤防,ていぼう,,,,,堤防(ていぼう),,,
605,1068,堤,堤,つつみ,堤,つつみ,,,,,堤(つつみ),,,
606,1069,艇,艇,テイ,艦艇,かんてい,舟艇,せんてい,競艇,きょうてい,艦艇(かんてい),舟艇(せんてい),競艇(きょうてい),
607,1070,締,締,テイ,締結,ていけつ,,,,,締結(ていけつ),,,
607,1071,締,締,しまる,締まる,しまる,,,,,締まる(しまる),,,←→閉まる，絞まる
607,1072,締,締,しめる,締める,しめる,締め切る,しめきる,引き締め,ひきしめ,締める(しめる),締め切る(しめきる),引き締め(ひきしめ),←→閉める，絞める
608,1073,泥,泥,デイ,泥土,でいど,雲泥,うんでい,拘泥,こうでい,泥土(でいど),雲泥(うんでい),拘泥(こうでい),
608,1074,泥,泥,どろ,泥,どろ,泥沼,どろぬま,泥棒,どろぼう,泥(どろ),泥沼(どろぬま),泥棒(どろぼう),
609,1075,摘,摘,テキ,摘要,てきよう,摘発,てきはつ,指摘,してき,摘要(てきよう),摘発(てきはつ),指摘(してき),
609,1076,摘,摘,つむ,摘む,つむ,,,,,摘む(つむ),,,
610,1077,滴,滴,テキ,水滴,すいてき,点滴,てんてき,一滴,ひとしずく,水滴(すいてき),点滴(てんてき),一滴(ひとしずく),
610,1078,滴,滴,しずく,滴,しずく,,,,,滴(しずく),,,
610,1079,滴,滴,したたる,滴る,したたる,,,,,滴る(したたる),,,
611,1080,迭,迭,テツ,更迭,こうてつ,,,,,更迭(こうてつ),,,
612,1081,哲,哲,テツ,哲学,てつがく,哲人,てつじん,先哲,せんてつ,哲学(てつがく),哲人(てつじん),先哲(せんてつ),
613,1082,徹,徹,テツ,徹底,てってい,徹夜,てつや,貫徹,かんてつ,徹底(てってい),徹夜(てつや),貫徹(かんてつ),
614,1083,撤,撤,テツ,撤去,てっきょ,撤回,てっかい,撤兵,てっぺい,撤去(てっきょ),撤回(てっかい),撤兵(てっぺい),
615,1084,添,添,テン,添加,てんか,添付,てんぷ,添削,てんさく,添加(てんか),添付(てんぷ),添削(てんさく),
615,1085,添,添,そえる,添える,そえる,,,,,添える(そえる),,,
615,1086,添,添,そう,添う,そう,,,,,添う(そう),,,←→沿う
616,1087,殿,殿,デン,殿堂,でんどう,宮殿,きゅうでん,貴殿,きでん,殿堂(でんどう),宮殿(きゅうでん),貴殿(きでん),
616,1088,殿,殿,テン,御殿,ごてん,,,,,御殿(ごてん),,,
616,1089,殿,殿,との,殿様,とのさま,,,,,殿様(とのさま),,,
616,1090,殿,殿,どの,○○殿,まるまるどの,,,,,○○殿(まるまるどの),,,
617,1091,斗,斗,ト,斗酒,としゅ,,,,,斗酒(としゅ),,,
618,1092,吐,吐,ト,吐露,とろ,吐血,とけつ,音吐朗々,おんとろうろう,吐露(とろ),吐血(とけつ),音吐朗々(おんとろうろう),
618,1093,吐,吐,はく,吐く,つく,,,,,吐く(つく),,,
619,1094,途,途,ト,途上,とじょう,帰途,きと,前途,ぜんと,途上(とじょう),帰途(きと),前途(ぜんと),
620,1095,渡,渡,ト,渡航,とこう,渡河,とか,譲渡,じょうと,渡航(とこう),渡河(とか),譲渡(じょうと),
620,1096,渡,渡,わたる,渡る,わたる,,,,,渡る(わたる),,,
620,1097,渡,渡,わたす,渡す,わたす,,,,,渡す(わたす),,,
621,1098,塗,塗,ト,塗布,とふ,塗装,とそう,塗料,とりょう,塗布(とふ),塗装(とそう),塗料(とりょう),
621,1099,塗,塗,ぬる,塗る,ぬる,,,,,塗る(ぬる),,,
622,1100,奴,奴,ド,奴隷,どれい,,,,,奴隷(どれい),,,
623,1101,怒,怒,ド,怒号,どごう,怒気,どき,激怒,げきど,怒号(どごう),怒気(どき),激怒(げきど),
623,1102,怒,怒,いかる,怒る,おこる,怒り,おこり,怒り狂う,いかりくるう,怒る(おこる),怒り(おこり),怒り狂う(いかりくるう),
623,1103,怒,怒,おこる,怒る,おこる,,,,,怒る(おこる),,,
624,1104,到,到,トウ,到着,とうちゃく,到底,とうてい,周到,しゅうとう,到着(とうちゃく),到底(とうてい),周到(しゅうとう),
625,1105,逃,逃,トウ,逃走,とうそう,逃亡,とうぼう,逃避,とうひ,逃走(とうそう),逃亡(とうぼう),逃避(とうひ),
625,1106,逃,逃,にげる,逃げる,にげる,,,,,逃げる(にげる),,,
625,1107,逃,逃,にがす,逃がす,にがす,,,,,逃がす(にがす),,,
625,1108,逃,逃,のがす,逃す,のがす,,,,,逃す(のがす),,,
625,1109,逃,逃,のがれる,逃れる,のがれる,,,,,逃れる(のがれる),,,
626,1110,倒,倒,トウ,倒産,とうさん,圧倒,あっとう,傾倒,けいとう,倒産(とうさん),圧倒(あっとう),傾倒(けいとう),
626,1111,倒,倒,たおれる,倒れる,たおれる,,,,,倒れる(たおれる),,,
626,1112,倒,倒,たおす,倒す,たおす,,,,,倒す(たおす),,,
627,1113,凍,凍,トウ,凍結,とうけつ,凍死,とうし,冷凍,れいとう,凍結(とうけつ),凍死(とうし),冷凍(れいとう),
627,1114,凍,凍,こおる,凍る,こおる,,,,,凍る(こおる),,,
627,1115,凍,凍,こごえる,凍える,こごえる,,,,,凍える(こごえる),,,
628,1116,唐,唐,トウ,唐本,とうぼん,,,,,唐本(とうぼん),,,
628,1117,唐,唐,から,唐織,からおり,,,,,唐織(からおり),,,
629,1118,桃,桃,トウ,桃源境,とうげんさかい,白桃,はくとう,桜桃,おうとう,桃源境(とうげんさかい),白桃(はくとう),桜桃(おうとう),
629,1119,桃,桃,もも,桃,もも,,,,,桃(もも),,,
630,1120,透,透,トウ,透写,とうしゃ,透明,とうめい,浸透,しんとう,透写(とうしゃ),透明(とうめい),浸透(しんとう),
630,1121,透,透,すく,透く,すく,,,,,透く(すく),,,
630,1122,透,透,すかす,透かす,すかす,,,,,透かす(すかす),,,
630,1123,透,透,すける,透ける,すける,,,,,透ける(すける),,,
631,1124,悼,悼,トウ,悼辞,とうじ,哀悼,あいとう,追悼,ついとう,悼辞(とうじ),哀悼(あいとう),追悼(ついとう),
631,1125,悼,悼,いたむ,悼む,いたむ,,,,,悼む(いたむ),,,←→痛む，傷む
632,1126,盗(盜),盗,トウ,盗難,とうなん,盗用,とうよう,強盗,ごうとう,盗難(とうなん),盗用(とうよう),強盗(ごうとう),
632,1127,盗(盜),盗,ぬすむ,盗む,ぬすむ,,,,,盗む(ぬすむ),,,
633,1128,陶,陶,トウ,陶器,とうき,陶酔,とうすい,薫陶,くんとう,陶器(とうき),陶酔(とうすい),薫陶(くんとう),
634,1129,塔,塔,トウ,五重の塔,ごじゅうのとう,,,,,五重の塔(ごじゅうのとう),,,
635,1130,搭,搭,トウ,搭載,とうさい,搭乗,とうじょう,搭乗券,とうじょうけん,搭載(とうさい),搭乗(とうじょう),搭乗券(とうじょうけん),
636,1131,棟,棟,トウ,上棟,じょうとう,,,,,上棟(じょうとう),,,
636,1132,棟,棟,むね,棟,むね,,,,,棟(むね),,,
636,1133,棟,棟,むな,棟木,むなぎ,,,,,棟木(むなぎ),,,
637,1134,痘,痘,トウ,種痘,しゅとう,水痘,すいとう,天然痘,てんねんとう,種痘(しゅとう),水痘(すいとう),天然痘(てんねんとう),
638,1135,筒,筒,トウ,封筒,ふうとう,水筒,すいとう,円筒形,えんとうけい,封筒(ふうとう),水筒(すいとう),円筒形(えんとうけい),
638,1136,筒,筒,つつ,筒,つつ,,,,,筒(つつ),,,
639,1137,稲(稻),稲,トウ,水稲,すいとう,,,,,水稲(すいとう),,,
639,1138,稲(稻),稲,いね,稲,いね,,,,,稲(いね),,,
639,1139,稲(稻),稲,いな,稲作,いなさく,,,,,稲作(いなさく),,,
640,1140,踏,踏,トウ,踏破,とうは,踏襲,とうしゅう,高踏的,こうとうてき,踏破(とうは),踏襲(とうしゅう),高踏的(こうとうてき),
640,1141,踏,踏,ふむ,踏む,ふむ,,,,,踏む(ふむ),,,
640,1142,踏,踏,ふまえる,踏まえる,ふまえる,,,,,踏まえる(ふまえる),,,
641,1143,謄,謄,トウ,謄写,とうしゃ,,,,,謄写(とうしゃ),,,
642,1144,闘(),闘,トウ,闘争,とうそう,闘志,とうし,戦闘,せんとう,闘争(とうそう),闘志(とうし),戦闘(せんとう),
642,1145,闘(),闘,たたかう,闘う,たたかう,,,,,闘う(たたかう),,,←→戦う
643,1146,騰,騰,トウ,騰貴,とうき,暴騰,ぼうとう,沸騰,ふっとう,騰貴(とうき),暴騰(ぼうとう),沸騰(ふっとう),
644,1147,洞,洞,ドウ,洞穴,どうけつ,洞察,どうさつ,空洞,くうどう,洞穴(どうけつ),洞察(どうさつ),空洞(くうどう),
644,1148,洞,洞,ほら,洞穴,どうけつ,,,,,洞穴(どうけつ),,,
645,1149,胴,胴,ドウ,胴体,どうたい,,,,,胴体(どうたい),,,
646,1150,峠,峠,とうげ,峠,とうげ,,,,,峠(とうげ),,,
647,1151,匿,匿,トク,匿名,とくめい,,,,,匿名(とくめい),,,
648,1152,督,督,トク,督促,とくそく,督励,とくれい,監督,かんとく,督促(とくそく),督励(とくれい),監督(かんとく),
649,1153,篤,篤,トク,篤農,とくのう,危篤,きとく,懇篤,こんとく,篤農(とくのう),危篤(きとく),懇篤(こんとく),
650,1154,凸,凸,トツ,凸版,とっぱん,凸レンズ,とつれんず,凹凸,おうとつ,凸版(とっぱん),凸レンズ(とつれんず),凹凸(おうとつ),凸凹(でこぼこ)
651,1155,突(),突,トツ,突然,とつぜん,突端,とったん,衝突,しょうとつ,突然(とつぜん),突端(とったん),衝突(しょうとつ),
651,1156,突(),突,つく,突く,つく,,,,,突く(つく),,,
652,1157,屯,屯,トン,駐屯,ちゅうとん,,,,,駐屯(ちゅうとん),,,
653,1158,豚,豚,トン,養豚,ようとん,,,,,養豚(ようとん),,,
653,1159,豚,豚,ぶた,豚,ぶた,,,,,豚(ぶた),,,
654,1160,鈍,鈍,ドン,鈍感,どんかん,鈍角,どんかく,愚鈍,ぐどん,鈍感(どんかん),鈍角(どんかく),愚鈍(ぐどん),
654,1161,鈍,鈍,にぶい,鈍い,にぶい,,,,,鈍い(にぶい),,,
654,1162,鈍,鈍,にぶる,鈍る,にぶる,,,,,鈍る(にぶる),,,
655,1163,曇,曇,ドン,曇天,どんてん,,,,,曇天(どんてん),,,
655,1164,曇,曇,くもる,曇る,くもる,,,,,曇る(くもる),,,
656,1165,軟,軟,ナン,軟化,なんか,軟弱,なんじゃく,硬軟,こうなん,軟化(なんか),軟弱(なんじゃく),硬軟(こうなん),
656,1166,軟,軟,やわらか,軟らかだ,やわらかだ,,,,,軟らかだ(やわらかだ),,,←→柔らか
656,1167,軟,軟,やわらかい,軟らかい,やわらかい,,,,,軟らかい(やわらかい),,,←→柔らかい
657,1168,尼,尼,ニ,尼僧,にそう,,,,,尼僧(にそう),,,
657,1169,尼,尼,あま,尼,あま,,,,,尼(あま),,,
658,1170,弐(貳),弐,ニ,弐万円,にまんえん,,,,,弐万円(にまんえん),,,
659,1171,尿,尿,ニョウ,尿意,にょうい,尿素,にょうそ,夜尿症,やにょうしょう,尿意(にょうい),尿素(にょうそ),夜尿症(やにょうしょう),
660,1172,妊,妊,ニン,妊娠,にんしん,懐妊,かいにん,不妊,ふにん,妊娠(にんしん),懐妊(かいにん),不妊(ふにん),
661,1173,忍,忍,ニン,忍者,にんじゃ,忍耐,にんたい,残忍,ざんにん,忍者(にんじゃ),忍耐(にんたい),残忍(ざんにん),
661,1174,忍,忍,しのぶ,忍ぶ,しのぶ,忍び足,しのびあし,忍びやかだ,しのびやかだ,忍ぶ(しのぶ),忍び足(しのびあし),忍びやかだ(しのびやかだ),
661,1175,忍,忍,しのばせる,忍ばせる,しのばせる,,,,,忍ばせる(しのばせる),,,
662,1176,寧,寧,ネイ,安寧,あんねい,,,,,安寧(あんねい),,,
663,1177,粘,粘,ネン,粘土,ねんど,粘液,ねんえき,粘着,ねんちゃく,粘土(ねんど),粘液(ねんえき),粘着(ねんちゃく),
663,1178,粘,粘,ねばる,粘る,ねばる,粘り,ねばり,粘り強い,ねばりづよい,粘る(ねばる),粘り(ねばり),粘り強い(ねばりづよい),
664,1179,悩(惱),悩,ノウ,悩殺,のうさつ,苦悩,くのう,煩悩,ぼんのう,悩殺(のうさつ),苦悩(くのう),煩悩(ぼんのう),
664,1180,悩(惱),悩,なやむ,悩む,なやむ,悩み,なやみ,悩ましい,なやましい,悩む(なやむ),悩み(なやみ),悩ましい(なやましい),
664,1181,悩(惱),悩,なやます,悩ます,なやます,,,,,悩ます(なやます),,,
665,1182,濃,濃,ノウ,濃厚,のうこう,濃紺,のうこん,濃淡,のうたん,濃厚(のうこう),濃紺(のうこん),濃淡(のうたん),
665,1183,濃,濃,こい,濃い,こい,,,,,濃い(こい),,,
666,1184,把,把,ハ,把握,はあく,把持,はじ,一把(ワ)三把(バ)/十把(パ),いっは（わ）みは（ば）／じっぱ（ぱ）,把握(はあく),把持(はじ),一把(ワ)三把(バ)/十把(パ)(いっは（わ）みは（ば）／じっぱ（ぱ）),「把(ハ)」は，前に来る音によって「ワ」，「バ」，「パになる。
667,1185,覇(霸),覇,ハ,覇権,はけん,覇者,はしゃ,制覇,せいは,覇権(はけん),覇者(はしゃ),制覇(せいは),
668,1186,婆,婆,バ,老婆,ろうば,,,,,老婆(ろうば),,,
669,1187,杯,杯,ハイ,祝杯,しゅくはい,銀杯,ぎんぱい,一杯,いっぱい,祝杯(しゅくはい),銀杯(ぎんぱい),一杯(いっぱい),
669,1188,杯,杯,さかずき,杯,はい,,,,,杯(はい),,,
670,1189,排,排,ハイ,排斥,はいせき,排気,はいき,排除,はいじょ,排斥(はいせき),排気(はいき),排除(はいじょ),
671,1190,廃(廢),廃,ハイ,廃止,はいし,廃物,はいぶつ,荒廃,こうはい,廃止(はいし),廃物(はいぶつ),荒廃(こうはい),
671,1191,廃(廢),廃,すたれる,廃れる,すたれる,,,,,廃れる(すたれる),,,
671,1192,廃(廢),廃,すたる,廃る,すたる,,,,,廃る(すたる),,,
672,1193,輩,輩,ハイ,輩出,はいしゅつ,同輩,どうはい,先輩,せんぱい,輩出(はいしゅつ),同輩(どうはい),先輩(せんぱい),
673,1194,培,培,バイ,培養,ばいよう,,,,,培養(ばいよう),,,
673,1195,培,培,つちかう,培う,つちかう,,,,,培う(つちかう),,,
674,1196,陪,陪,バイ,陪席,ばいせき,陪食,ばいしょく,陪審,ばいしん,陪席(ばいせき),陪食(ばいしょく),陪審(ばいしん),
675,1197,媒,媒,バイ,媒介,ばいかい,媒体,ばいたい,触媒,しょくばい,媒介(ばいかい),媒体(ばいたい),触媒(しょくばい),
676,1198,賠,賠,バイ,賠償,ばいしょう,,,,,賠償(ばいしょう),,,
677,1199,伯,伯,ハク,伯仲,はくちゅう,,,,,伯仲(はくちゅう),,,"伯父(おじ)
伯母(おば)"
678,1200,拍,拍,ハク,拍手,はくしゅ,拍車,はくしゃ,一拍,いっぱく,拍手(はくしゅ),拍車(はくしゃ),一拍(いっぱく),
678,1201,拍,拍,ヒョウ,拍子,ひょうし,,,,,拍子(ひょうし),,,
679,1202,泊,泊,ハク,宿泊,しゅくはく,停泊,ていはく,外泊,がいはく,宿泊(しゅくはく),停泊(ていはく),外泊(がいはく),
679,1203,泊,泊,とまる,泊まる,とまる,,,,,泊まる(とまる),,,←→止まる，留まる
679,1204,泊,泊,とめる,泊める,とめる,,,,,泊める(とめる),,,←→止める，留める
680,1205,迫,迫,ハク,迫害,はくがい,脅迫,きょうはく,切迫,せっぱく,迫害(はくがい),脅迫(きょうはく),切迫(せっぱく),
680,1206,迫,迫,せまる,迫る,せまる,,,,,迫る(せまる),,,
681,1207,舶,舶,ハク,舶来,はくらい,,,,,舶来(はくらい),,,
682,1208,薄,薄,ハク,薄情,はくじょう,薄謝,はくしゃ,軽薄,けいはく,薄情(はくじょう),薄謝(はくしゃ),軽薄(けいはく),
682,1209,薄,薄,うすい,薄い,うすい,薄着,うすぎ,品薄,しなうす,薄い(うすい),薄着(うすぎ),品薄(しなうす),
682,1210,薄,薄,うすめる,薄める,うすめる,,,,,薄める(うすめる),,,
682,1211,薄,薄,うすまる,薄まる,うすまる,,,,,薄まる(うすまる),,,
682,1212,薄,薄,うすらぐ,薄らぐ,うすらぐ,,,,,薄らぐ(うすらぐ),,,
682,1213,薄,薄,うすれる,薄れる,うすれる,,,,,薄れる(うすれる),,,
683,1214,漠,漠,バク,漠然,ばくぜん,広漠,こうばく,砂漠,さばく,漠然(ばくぜん),広漠(こうばく),砂漠(さばく),
684,1215,縛,縛,バク,束縛,そくばく,,,,,束縛(そくばく),,,
684,1216,縛,縛,しばる,縛る,しばる,,,,,縛る(しばる),,,
685,1217,爆,爆,バク,爆発,ばくはつ,爆弾,ばくだん,原爆,げんばく,爆発(ばくはつ),爆弾(ばくだん),原爆(げんばく),
686,1218,肌,肌,はだ,肌,はだ,肌色,はだいろ,地肌,じはだ,肌(はだ),肌色(はだいろ),地肌(じはだ),
687,1219,鉢,鉢,ハチ,鉢,はち,,,,,鉢(はち),,,
687,1220,鉢,鉢,ハツ,衣鉢,いはつ,,,,,衣鉢(いはつ),,,
688,1221,髪(髮),髪,ハツ,頭髪,とうはつ,白髪,しらが,整髪,せいはつ,頭髪(とうはつ),白髪(しらが),整髪(せいはつ),白髪(しらが)
688,1222,髪(髮),髪,かみ,髪,かみ,髪結い,かみゆい,日本髪,にほんがみ,髪(かみ),髪結い(かみゆい),日本髪(にほんがみ),
689,1223,伐,伐,バツ,伐採,ばっさい,征伐,せいばつ,殺伐,さつばつ,伐採(ばっさい),征伐(せいばつ),殺伐(さつばつ),
690,1224,抜(拔),抜,バツ,抜群,ばつぐん,,,,,抜群(ばつぐん),,,
690,1225,抜(拔),抜,ぬく,抜く,ぬく,,,,,抜く(ぬく),,,
690,1226,抜(拔),抜,ぬける,抜ける,ぬける,,,,,抜ける(ぬける),,,
690,1227,抜(拔),抜,ぬかす,抜かす,ぬかす,,,,,抜かす(ぬかす),,,
690,1228,抜(拔),抜,ぬかる,抜かる,ぬかる,,,,,抜かる(ぬかる),,,
691,1229,罰,罰,バツ,罰金,ばっきん,処罰,しょばつ,天罰,てんばつ,罰金(ばっきん),処罰(しょばつ),天罰(てんばつ),
691,1230,罰,罰,バチ,罰当たり,ばちあたり,,,,,罰当たり(ばちあたり),,,
692,1231,閥,閥,バツ,門閥,もんばつ,財閥,ざいばつ,派閥,はばつ,門閥(もんばつ),財閥(ざいばつ),派閥(はばつ),
693,1232,帆,帆,ハン,帆船,はんせん,帆走,はんそう,出帆,しゅっぱん,帆船(はんせん),帆走(はんそう),出帆(しゅっぱん),
693,1233,帆,帆,ほ,帆,ほ,帆柱,ほばしら,帆前船,ほまえせん,帆(ほ),帆柱(ほばしら),帆前船(ほまえせん),
694,1234,伴,伴,ハン,同伴,どうはん,,,,,同伴(どうはん),,,
694,1235,伴,伴,バン,伴奏,ばんそう,,,,,伴奏(ばんそう),,,
694,1236,伴,伴,ともなう,伴う,ともなう,,,,,伴う(ともなう),,,
695,1237,畔,畔,ハン,湖畔,こはん,,,,,湖畔(こはん),,,
696,1238,般,般,ハン,諸般,しょはん,一般,いっぱん,先般,せんぱん,諸般(しょはん),一般(いっぱん),先般(せんぱん),
697,1239,販,販,ハン,販売,はんばい,販路,はんろ,市販,しはん,販売(はんばい),販路(はんろ),市販(しはん),
698,1240,搬,搬,ハン,搬入,はんにゅう,搬出,はんしゅつ,運搬,うんぱん,搬入(はんにゅう),搬出(はんしゅつ),運搬(うんぱん),
699,1241,煩,煩,ハン,煩雑,はんざつ,,,,,煩雑(はんざつ),,,
699,1242,煩,煩,ボン,煩悩,ぼんのう,,,,,煩悩(ぼんのう),,,
699,1243,煩,煩,わずらう,煩う,わずらう,煩い,うるさい,煩わしい,わずらわしい,煩う(わずらう),煩い(うるさい),煩わしい(わずらわしい),←→患う
699,1244,煩,煩,わずらわす,煩わす,わずらわす,,,,,煩わす(わずらわす),,,
700,1245,頒,頒,ハン,頒布,はんぷ,,,,,頒布(はんぷ),,,
701,1246,範,範,ハン,範囲,はんい,師範,しはん,模範,もはん,範囲(はんい),師範(しはん),模範(もはん),
702,1247,繁(),繁,ハン,繁栄,はんえい,繁茂,はんも,繁華街,はんかがい,繁栄(はんえい),繁茂(はんも),繁華街(はんかがい),
703,1248,藩,藩,ハン,藩主,はんしゅ,,,,,藩主(はんしゅ),,,
704,1249,蛮(蠻),蛮,バン,蛮行,ばんこう,蛮人,ばんじん,野蛮,やばん,蛮行(ばんこう),蛮人(ばんじん),野蛮(やばん),
705,1250,盤,盤,バン,基盤,きばん,円盤,えんばん,碁盤,ごばん,基盤(きばん),円盤(えんばん),碁盤(ごばん),
706,1251,妃,妃,ヒ,妃殿下,ひでんか,,,,,妃殿下(ひでんか),,,
707,1252,彼,彼,ヒ,彼我,ひが,,,,,彼我(ひが),,,
707,1253,彼,彼,かれ,彼,かれ,,,,,彼(かれ),,,
707,1254,彼,彼,かの,彼女,かのじょ,,,,,彼女(かのじょ),,,
708,1255,披,披,ヒ,披見,ひけん,披露,ひろう,直披,ちょくひ,披見(ひけん),披露(ひろう),直披(ちょくひ),
709,1256,卑(),卑,ヒ,卑近,ひきん,卑屈,ひくつ,卑下,ひげ,卑近(ひきん),卑屈(ひくつ),卑下(ひげ),
709,1257,卑(),卑,いやしい,卑しい,いやしい,,,,,卑しい(いやしい),,,
709,1258,卑(),卑,いやしむ,卑しむ,いやしむ,,,,,卑しむ(いやしむ),,,
709,1259,卑(),卑,いやしめる,卑しめる,いやしめる,,,,,卑しめる(いやしめる),,,
710,1260,疲,疲,ヒ,疲労,ひろう,,,,,疲労(ひろう),,,
710,1261,疲,疲,つかれる,疲れる,つかれる,,,,,疲れる(つかれる),,,
710,1262,疲,疲,つからす,疲らす,つからす,,,,,疲らす(つからす),,,
711,1263,被,被,ヒ,被服,ひふく,被害,ひがい,被告,ひこく,被服(ひふく),被害(ひがい),被告(ひこく),
711,1264,被,被,こうむる,被る,かぶる,,,,,被る(かぶる),,,
712,1265,扉,扉,ヒ,開扉,かいひ,,,,,開扉(かいひ),,,
712,1266,扉,扉,とびら,扉,とびら,,,,,扉(とびら),,,
713,1267,碑(),碑,ヒ,碑銘,ひめい,石碑,せきひ,記念碑,きねんひ,碑銘(ひめい),石碑(せきひ),記念碑(きねんひ),
714,1268,罷,罷,ヒ,罷業,ひぎょう,,,,,罷業(ひぎょう),,,
715,1269,避,避,ヒ,避難,ひなん,逃避,とうひ,不可避,ふかひ,避難(ひなん),逃避(とうひ),不可避(ふかひ),
715,1270,避,避,さける,避ける,さける,,,,,避ける(さける),,,
716,1271,尾,尾,ビ,尾行,びこう,首尾,しゅび,末尾,まつび,尾行(びこう),首尾(しゅび),末尾(まつび),
716,1272,尾,尾,お,尾,お,尾頭付き,おかしらつき,尾根,おね,尾(お),尾頭付き(おかしらつき),尾根(おね),
717,1273,微,微,び,微細,びさい,微笑,びしょう,衰微,すいび,微細(びさい),微笑(びしょう),衰微(すいび),
718,1274,匹,匹,ヒツ,匹敵,ひってき,匹夫,ひっぷ,馬匹,ばひつ,匹敵(ひってき),匹夫(ひっぷ),馬匹(ばひつ),
718,1275,匹,匹,ひき,数匹,すうひき,,,,,数匹(すうひき),,,
719,1276,泌,泌,ヒツ,分泌,ぶんぴつ,,,,,分泌(ぶんぴつ),,,「分泌」は，「ブンピ」とも。
719,1277,泌,泌,ヒ,泌尿器,ひにょうき,,,,,泌尿器(ひにょうき),,,
720,1278,姫,姫,ひめ,姫,ひめ,,,,,姫(ひめ),,,
721,1279,漂,漂,ヒョウ,漂着,ひょうちゃく,漂白,ひょうはく,漂流,ひょうりゅう,漂着(ひょうちゃく),漂白(ひょうはく),漂流(ひょうりゅう),
721,1280,漂,漂,ただよう,漂う,ただよう,,,,,漂う(ただよう),,,
722,1281,苗,苗,ビョウ,種苗,しゅびょう,,,,,種苗(しゅびょう),,,
722,1282,苗,苗,なえ,苗,なえ,,,,,苗(なえ),,,早苗(さなえ)
722,1283,苗,苗,なわ,苗代,なわしろ,,,,,苗代(なわしろ),,,
723,1284,描,描,ビョウ,描写,びょうしゃ,素描,そびょう,点描,てんびょう,描写(びょうしゃ),素描(そびょう),点描(てんびょう),
723,1285,描,描,えがく,描く,かく,,,,,描く(かく),,,
724,1286,猫,猫,ビョウ,愛猫,あいびょう,,,,,愛猫(あいびょう),,,
724,1287,猫,猫,ねこ,猫,ねこ,,,,,猫(ねこ),,,
725,1288,浜(濱),浜,ヒン,海浜,かいひん,,,,,海浜(かいひん),,,
725,1289,浜(濱),浜,はま,浜,はま,浜辺,はまべ,砂浜,すなはま,浜(はま),浜辺(はまべ),砂浜(すなはま),
726,1290,賓(),賓,ヒン,賓客,ひんきゃく,主賓,しゅひん,来賓,らいひん,賓客(ひんきゃく),主賓(しゅひん),来賓(らいひん),
727,1291,頻(),頻,ヒン,頻度,ひんど,頻発,ひんぱつ,頻繁,ひんぱん,頻度(ひんど),頻発(ひんぱつ),頻繁(ひんぱん),
728,1292,敏(),敏,ビン,敏速,びんそく,機敏,きびん,鋭敏,えいびん,敏速(びんそく),機敏(きびん),鋭敏(えいびん),
729,1293,瓶(),瓶,ビン,瓶,びん,瓶詰,びんづめ,花瓶,かびん,瓶(びん),瓶詰(びんづめ),花瓶(かびん),
730,1294,扶,扶,フ,扶助,ふじょ,扶養,ふよう,扶育,ふいく,扶助(ふじょ),扶養(ふよう),扶育(ふいく),
731,1295,怖,怖,フ,恐怖,きょうふ,,,,,恐怖(きょうふ),,,
731,1296,怖,怖,こわい,怖い,こわい,,,,,怖い(こわい),,,
732,1297,附,附,フ,附属,ふぞく,,,,,附属(ふぞく),,,
733,1298,赴,赴,フ,赴任,ふにん,,,,,赴任(ふにん),,,
733,1299,赴,赴,おもむく,赴く,おもむく,,,,,赴く(おもむく),,,
734,1300,浮,浮,フ,浮沈,ふちん,浮力,ふりょく,浮薄,ふはく,浮沈(ふちん),浮力(ふりょく),浮薄(ふはく),浮気(うわき)浮(うわ)つく
734,1301,浮,浮,うく,浮く,うく,浮き,うき,浮世絵,うきよえ,浮く(うく),浮き(うき),浮世絵(うきよえ),
734,1302,浮,浮,うかれる,浮かれる,うかれる,,,,,浮かれる(うかれる),,,
734,1303,浮,浮,うかぶ,浮かぶ,うかぶ,,,,,浮かぶ(うかぶ),,,
734,1304,浮,浮,うかべる,浮かべる,うかべる,,,,,浮かべる(うかべる),,,
735,1305,符,符,フ,符号,ふごう,切符,きっぷ,音符,おんぷ,符号(ふごう),切符(きっぷ),音符(おんぷ),
736,1306,普,普,フ,普通,ふつう,普遍,ふへん,普請,ふしん,普通(ふつう),普遍(ふへん),普請(ふしん),
737,1307,腐,腐,フ,腐心,ふしん,腐敗,ふはい,陳腐,ちんぷ,腐心(ふしん),腐敗(ふはい),陳腐(ちんぷ),
737,1308,腐,腐,くさる,腐る,くさる,,,,,腐る(くさる),,,
737,1309,腐,腐,くされる,腐れ縁,くされえん,,,,,腐れ縁(くされえん),,,
737,1310,腐,腐,くさらす,腐らす,くさらす,,,,,腐らす(くさらす),,,
738,1311,敷,敷,フ,敷設,ふせつ,,,,,敷設(ふせつ),,,
738,1312,敷,敷,しく,敷く,しく,敷石,しきいし,屋敷,やしき,敷く(しく),敷石(しきいし),屋敷(やしき),桟敷(さじき)
739,1313,膚,膚,フ,皮膚,ひふ,,,,,皮膚(ひふ),,,
740,1314,賦,賦,フ,賦役,ふえき,月賦,げっぷ,天賦,てんぷ,賦役(ふえき),月賦(げっぷ),天賦(てんぷ),
741,1315,譜,譜,フ,系譜,けいふ,楽譜,がくふ,年譜,ねんぷ,系譜(けいふ),楽譜(がくふ),年譜(ねんぷ),
742,1316,侮(),侮,ブ,侮辱,ぶじょく,,,,,侮辱(ぶじょく),,,
742,1317,侮(),侮,あなどる,侮る,あなどる,,,,,侮る(あなどる),,,
743,1318,舞,舞,ブ,舞踏,ぶとう,舞台,ぶたい,鼓舞,こぶ,舞踏(ぶとう),舞台(ぶたい),鼓舞(こぶ),
743,1319,舞,舞,まう,舞う,まう,,,,,舞う(まう),,,
743,1320,舞,舞,まい,舞,まい,,,,,舞(まい),,,
744,1321,封,封,フウ,封鎖,ふうさ,封書,ふうしょ,密封,みっぷう,封鎖(ふうさ),封書(ふうしょ),密封(みっぷう),
744,1322,封,封,ホウ,封建的,ほうけんてき,,,,,封建的(ほうけんてき),,,
745,1323,伏,伏,フク,伏線,ふくせん,起伏,きふく,潜伏,せんぷく,伏線(ふくせん),起伏(きふく),潜伏(せんぷく),
745,1324,伏,伏,ふせる,伏せる,ふせる,,,,,伏せる(ふせる),,,
745,1325,伏,伏,ふす,伏す,ふす,,,,,伏す(ふす),,,
746,1326,幅,幅,フク,幅員,ふくいん,振幅,しんぷく,全幅,ぜんぷく,幅員(ふくいん),振幅(しんぷく),全幅(ぜんぷく),
746,1327,幅,幅,はば,幅,はば,,,,,幅(はば),,,
747,1328,覆,覆,フク,覆面,ふくめん,,,,,覆面(ふくめん),,,
747,1329,覆,覆,おおう,覆う,おおう,,,,,覆う(おおう),,,
747,1330,覆,覆,くつがえす,覆す,くつがえす,,,,,覆す(くつがえす),,,
747,1331,覆,覆,くつがえる,覆る,くつがえる,,,,,覆る(くつがえる),,,
748,1332,払(拂),払,フツ,払暁,ふつぎょう,,,,,払暁(ふつぎょう),,,
748,1333,払(拂),払,はらう,払う,はらう,払い,はらい,月払い,つきばらい,払う(はらう),払い(はらい),月払い(つきばらい),
749,1334,沸,沸,フツ,沸騰,ふっとう,沸点,ふってん,煮沸,しゃふつ,沸騰(ふっとう),沸点(ふってん),煮沸(しゃふつ),
749,1335,沸,沸,わく,沸く,わく,,,,,沸く(わく),,,
749,1336,沸,沸,わかす,沸かす,わかす,,,,,沸かす(わかす),,,
750,1337,紛,紛,フン,紛失,ふんしつ,紛争,ふんそう,内紛,ないふん,紛失(ふんしつ),紛争(ふんそう),内紛(ないふん),
750,1338,紛,紛,まぎれる,紛れる,まぎれる,,,,,紛れる(まぎれる),,,
750,1339,紛,紛,まぎらす,紛らす,まぎらす,,,,,紛らす(まぎらす),,,
750,1340,紛,紛,まぎらわす,紛らわす,まぎらわす,,,,,紛らわす(まぎらわす),,,
750,1341,紛,紛,まぎらわしい,紛らわしい,まぎらわしい,,,,,紛らわしい(まぎらわしい),,,
751,1342,雰,雰,フン,雰囲気,ふんいき,,,,,雰囲気(ふんいき),,,
752,1343,噴,噴,フン,噴火,ふんか,噴出,ふんしゅつ,噴水,ふんすい,噴火(ふんか),噴出(ふんしゅつ),噴水(ふんすい),
752,1344,噴,噴,ふく,噴く,ふく,,,,,噴く(ふく),,,←→吹く
753,1345,墳,墳,フン,墳墓,ふんぼ,,,,,墳墓(ふんぼ),,,
754,1346,憤,憤,フン,憤慨,ふんがい,義憤,ぎふん,発憤,はっぷん,憤慨(ふんがい),義憤(ぎふん),発憤(はっぷん),
754,1347,憤,憤,いきどおる,憤る,いきどおる,,,,,憤る(いきどおる),,,
755,1348,丙,丙,ヘイ,丙種,へいしゅ,,,,,丙種(へいしゅ),,,
756,1349,併(),併,ヘイ,併合,へいごう,併用,へいよう,合併,がっぺい,併合(へいごう),併用(へいよう),合併(がっぺい),
756,1350,併(),併,あわせる,併せる,あわせる,,,,,併せる(あわせる),,,←→合わせる
757,1351,柄,柄,ヘイ,横柄,おうへい,,,,,横柄(おうへい),,,
757,1352,柄,柄,がら,柄,え,家柄,いえがら,身柄,みがら,柄(え),家柄(いえがら),身柄(みがら),
757,1353,柄,柄,え,柄,え,,,,,柄(え),,,
758,1354,塀(),塀,ヘイ,塀,へい,,,,,塀(へい),,,
759,1355,幣,幣,ヘイ,貨幣,かへい,紙幣,しへい,御幣担ぎ,ごへいかつぎ,貨幣(かへい),紙幣(しへい),御幣担ぎ(ごへいかつぎ),
760,1356,弊,弊,ヘイ,弊害,へいがい,旧弊,きゅうへい,疲弊,ひへい,弊害(へいがい),旧弊(きゅうへい),疲弊(ひへい),
761,1357,壁,壁,ヘキ,壁面,へきめん,壁画,へきが,岸壁,がんぺき,壁面(へきめん),壁画(へきが),岸壁(がんぺき),
761,1358,壁,壁,かべ,壁,かべ,壁土,かべつち,白壁,しらかべ,壁(かべ),壁土(かべつち),白壁(しらかべ),
762,1359,癖,癖,ヘキ,習癖,しゅうへき,病癖,びょうへき,潔癖,けっぺき,習癖(しゅうへき),病癖(びょうへき),潔癖(けっぺき),
762,1360,癖,癖,くせ,癖,くせ,,,,,癖(くせ),,,
763,1361,偏,偏,ヘン,偏向,へんこう,偏見,へんけん,偏食,へんしょく,偏向(へんこう),偏見(へんけん),偏食(へんしょく),
763,1362,偏,偏,かたよる,偏る,かたよる,,,,,偏る(かたよる),,,
764,1363,遍,遍,へン,遍歴,へんれき,普遍,ふへん,一遍,いっぺん,遍歴(へんれき),普遍(ふへん),一遍(いっぺん),
765,1364,捕,捕,ホ,捕獲,ほかく,捕虜,ほりょ,逮捕,たいほ,捕獲(ほかく),捕虜(ほりょ),逮捕(たいほ),
765,1365,捕,捕,とらえる,捕らえる,とらえる,,,,,捕らえる(とらえる),,,
765,1366,捕,捕,とらわれる,捕らわれる,とらわれる,,,,,捕らわれる(とらわれる),,,
765,1367,捕,捕,とる,捕る,とる,,,,,捕る(とる),,,←→取る，採る
765,1368,捕,捕,つかまえる,捕まえる,つかまえる,,,,,捕まえる(つかまえる),,,
765,1369,捕,捕,つかまる,捕まる,つかまる,,,,,捕まる(つかまる),,,
766,1370,浦,浦,ホ,0,0,,,,,0(0),,,
766,1371,浦,浦,うら,浦,うら,,,,,浦(うら),,,
767,1372,舗,舗,ホ,舗装,ほそう,,,,,舗装(ほそう),,,
768,1373,募,募,ボ,募金,ぼきん,募集,ぼしゅう,応募,おうぼ,募金(ぼきん),募集(ぼしゅう),応募(おうぼ),
768,1374,募,募,つのる,募る,つのる,,,,,募る(つのる),,,
769,1375,慕,慕,ボ,慕情,ぼじょう,敬慕,けいぼ,思慕,しぼ,慕情(ぼじょう),敬慕(けいぼ),思慕(しぼ),
769,1376,慕,慕,したう,慕う,したう,,,,,慕う(したう),,,
770,1377,簿,簿,ボ,簿記,ぼき,名簿,めいぼ,帳簿,ちょうぼ,簿記(ぼき),名簿(めいぼ),帳簿(ちょうぼ),
771,1378,芳,芳,ホウ,芳香,ほうこう,芳紀,ほうき,芳志,ほうし,芳香(ほうこう),芳紀(ほうき),芳志(ほうし),
771,1379,芳,芳,かんばしい,芳しい,かんばしい,,,,,芳しい(かんばしい),,,
772,1380,邦,邦,ホウ,邦楽,ほうがく,本邦,ほんぽう,連邦,れんぽう,邦楽(ほうがく),本邦(ほんぽう),連邦(れんぽう),
773,1381,奉,奉,ホウ,奉納,ほうのう,奉仕,ほうし,信奉,しんぽう,奉納(ほうのう),奉仕(ほうし),信奉(しんぽう),
773,1382,奉,奉,ブ,奉行,ぶぎょう,,,,,奉行(ぶぎょう),,,
773,1383,奉,奉,たてまつる,奉る,たてまつる,,,,,奉る(たてまつる),,,
774,1384,抱,抱,ホウ,抱負,ほうふ,抱懐,ほうかい,介抱,かいほう,抱負(ほうふ),抱懐(ほうかい),介抱(かいほう),
774,1385,抱,抱,だく,抱く,だく,,,,,抱く(だく),,,
774,1386,抱,抱,いだく,抱く,だく,,,,,抱く(だく),,,
774,1387,抱,抱,かかえる,抱える,かかえる,,,,,抱える(かかえる),,,
775,1388,泡,泡,ホウ,気泡,きほう,水泡,すいほう,発泡,はっぽう,気泡(きほう),水泡(すいほう),発泡(はっぽう),
775,1389,泡,泡,あわ,泡,あわ,,,,,泡(あわ),,,
776,1390,胞,胞,ホウ,胞子,ほうし,同胞,どうほう,細胞,さいぼう,胞子(ほうし),同胞(どうほう),細胞(さいぼう),
777,1391,俸,俸,ホウ,俸給,ほうきゅう,年俸,ねんぽう,本俸,ほんぽう,俸給(ほうきゅう),年俸(ねんぽう),本俸(ほんぽう),
778,1392,倣,倣,ホウ,模倣,もほう,,,,,模倣(もほう),,,
778,1393,倣,倣,ならう,倣う,ならう,,,,,倣う(ならう),,,←→習う
779,1394,峰,峰,ホウ,秀峰,しゅうほう,霊峰,れいほう,連峰,れんぽう,秀峰(しゅうほう),霊峰(れいほう),連峰(れんぽう),
779,1395,峰,峰,みね,峰,みね,,,,,峰(みね),,,
780,1396,砲,砲,ホウ,砲撃,ほうげき,大砲,たいほう,鉄砲,てっぽう,砲撃(ほうげき),大砲(たいほう),鉄砲(てっぽう),
781,1397,崩,崩,ホウ,崩壊,ほうかい,,,,,崩壊(ほうかい),,,雪崩(なだれ)
781,1398,崩,崩,くずれる,崩れる,くずれる,,,,,崩れる(くずれる),,,
781,1399,崩,崩,くずす,崩す,くずす,,,,,崩す(くずす),,,
782,1400,飽,飽,ホウ,飽和,ほうわ,,,,,飽和(ほうわ),,,
782,1401,飽,飽,あきる,飽きる,あきる,飽き,あき,見飽きる,みあきる,飽きる(あきる),飽き(あき),見飽きる(みあきる),
782,1402,飽,飽,あかす,……に飽かして,・・・・・・にあかして,,,,,……に飽かして(・・・・・・にあかして),,,
783,1403,褒(襃),褒,ホウ,褒章,ほうしょう,褒美,ほうび,過褒,かほ,褒章(ほうしょう),褒美(ほうび),過褒(かほ),
783,1404,褒(襃),褒,ほめる,褒める,ほめる,,,,,褒める(ほめる),,,
784,1405,縫,縫,ホウ,縫合,ほうごう,縫製,ほうせい,裁縫,さいほう,縫合(ほうごう),縫製(ほうせい),裁縫(さいほう),
784,1406,縫,縫,ぬう,縫う,ぬう,,,,,縫う(ぬう),,,
785,1407,乏,乏,ボウ,欠乏,けつぼう,貧乏,びんぼう,耐乏,たいぼう,欠乏(けつぼう),貧乏(びんぼう),耐乏(たいぼう),
785,1408,乏,乏,とぼしい,乏しい,とぼしい,,,,,乏しい(とぼしい),,,
786,1409,忙,忙,ボウ,忙殺,ぼうさつ,多忙,たぼう,繁忙,はんぼう,忙殺(ぼうさつ),多忙(たぼう),繁忙(はんぼう),
786,1410,忙,忙,いそがしい,忙しい,いそがしい,,,,,忙しい(いそがしい),,,
787,1411,坊,坊,ボウ,坊主,ぼうず,朝寝坊,あさねぼう,赤ん坊,あかんぼう,坊主(ぼうず),朝寝坊(あさねぼう),赤ん坊(あかんぼう),
787,1412,坊,坊,ボッ,坊ちゃん,ぼっちゃん,,,,,坊ちゃん(ぼっちゃん),,,
788,1413,妨,妨,ボウ,妨害,ぼうがい,,,,,妨害(ぼうがい),,,
788,1414,妨,妨,さまたげる,妨げる,さまたげる,,,,,妨げる(さまたげる),,,
789,1415,房,房,ボウ,独房,どくぼう,冷房,れいぼう,僧房,そうぼう,独房(どくぼう),冷房(れいぼう),僧房(そうぼう),
789,1416,房,房,ふさ,房,ふさ,一房,いちふさ,乳房,ちぶさ,房(ふさ),一房(いちふさ),乳房(ちぶさ),
790,1417,肪,肪,ボウ,脂肪,しぼう,,,,,脂肪(しぼう),,,
791,1418,某,某,ボウ,某氏,ぼうし,某国,ぼうこく,某所,ぼうしょ,某氏(ぼうし),某国(ぼうこく),某所(ぼうしょ),
792,1419,冒,冒,ボウ,冒険,ぼうけん,冒頭,ぼうとう,感冒,かんぼう,冒険(ぼうけん),冒頭(ぼうとう),感冒(かんぼう),
792,1420,冒,冒,おかす,冒す,おかす,,,,,冒す(おかす),,,←→犯す，侵す
793,1421,剖,剖,ボウ,解剖,かいぼう,,,,,解剖(かいぼう),,,
794,1422,紡,紡,ボウ,紡績,ぼうせき,,,,,紡績(ぼうせき),,,
794,1423,紡,紡,つむぐ,紡ぐ,つむぐ,,,,,紡ぐ(つむぐ),,,
795,1424,傍,傍,ボウ,傍線,ぼうせん,傍聴,ぼうちょう,路傍,ろぼう,傍線(ぼうせん),傍聴(ぼうちょう),路傍(ろぼう),
795,1425,傍,傍,かたわら,傍ら,かたわら,,,,,傍ら(かたわら),,,
796,1426,帽,帽,ボウ,帽子,ぼうし,脱帽,だつぼう,無帽,むぼう,帽子(ぼうし),脱帽(だつぼう),無帽(むぼう),
797,1427,膨,膨,ボウ,膨大,ぼうだい,,,,,膨大(ぼうだい),,,
797,1428,膨,膨,ふくらむ,膨らむ,ふくらむ,,,,,膨らむ(ふくらむ),,,
797,1429,膨,膨,ふくれる,膨れる,ふくれる,,,,,膨れる(ふくれる),,,
798,1430,謀,謀,ボウ,謀略,ぼうりゃく,無謀,むぼう,首謀者,しゅぼうしゃ,謀略(ぼうりゃく),無謀(むぼう),首謀者(しゅぼうしゃ),
798,1431,謀,謀,ム,謀反,むほん,,,,,謀反(むほん),,,
798,1432,謀,謀,はかる,謀る,はかる,,,,,謀る(はかる),,,←→計る，量る，図る
799,1433,朴,朴,ボク,純朴,じゅんぼく,,,,,純朴(じゅんぼく),,,
800,1434,僕,僕,ボク,僕,ぼく,,,,,僕(ぼく),,,
801,1435,墨(),墨,ボク,筆墨,ひつぼく,白墨,はくぼく,遺墨,いぼく,筆墨(ひつぼく),白墨(はくぼく),遺墨(いぼく),
801,1436,墨(),墨,すみ,墨,すみ,墨絵,すみえ,まゆ墨,まゆずみ,墨(すみ),墨絵(すみえ),まゆ墨(まゆずみ),
802,1437,撲,撲,ボク,撲殺,ぼくさつ,撲滅,ぼくめつ,打撲,だぼく,撲殺(ぼくさつ),撲滅(ぼくめつ),打撲(だぼく),相撲(すもう)
803,1438,没,没,ボツ,没収,ぼっしゅう,没交渉,ぼっこうしょう,出没,しゅつぼつ,没収(ぼっしゅう),没交渉(ぼっこうしょう),出没(しゅつぼつ),
804,1439,堀,堀,ほり,堀,ほり,外堀,そとぼり,釣堀,つりぼり,堀(ほり),外堀(そとぼり),釣堀(つりぼり),
805,1440,奔,奔,ホン,奔走,ほんそう,奔放,ほんぽう,出奔,しゅっぽん,奔走(ほんそう),奔放(ほんぽう),出奔(しゅっぽん),
806,1441,翻(飜),翻,ホン,翻意,ほんい,翻訳,ほんやく,翻刻,ほんこく,翻意(ほんい),翻訳(ほんやく),翻刻(ほんこく),
806,1442,翻(飜),翻,ひるがえる,翻る,ひるがえる,,,,,翻る(ひるがえる),,,
806,1443,翻(飜),翻,ひるがえす,翻す,ひるがえす,,,,,翻す(ひるがえす),,,
807,1444,凡,凡,ボン,凡人,ぼんじん,凡百,ぼんぴゃく,平凡,へいぼん,凡人(ぼんじん),凡百(ぼんぴゃく),平凡(へいぼん),
807,1445,凡,凡,ハン,凡例,はんれい,,,,,凡例(はんれい),,,
808,1446,盆,盆,ボン,盆栽,ぼんさい,盆地,ぼんち,旧盆,きゅうぼん,盆栽(ぼんさい),盆地(ぼんち),旧盆(きゅうぼん),
809,1447,麻,麻,マ,麻薬,まやく,麻酔,ますい,亜麻,あま,麻薬(まやく),麻酔(ますい),亜麻(あま),
809,1448,麻,麻,あさ,麻,あさ,,,,,麻(あさ),,,
810,1449,摩,摩,マ,摩擦,まさつ,,,,,摩擦(まさつ),,,
811,1450,磨,磨,マ,研磨,けんま,,,,,研磨(けんま),,,
811,1451,磨,磨,みがく,磨く,みがく,,,,,磨く(みがく),,,
812,1452,魔,魔,マ,魔法,まほう,悪魔,あくま,邪魔,じゃま,魔法(まほう),悪魔(あくま),邪魔(じゃま),
813,1453,埋,埋,マイ,埋没,まいぼつ,埋蔵,まいぞう,埋葬,まいそう,埋没(まいぼつ),埋蔵(まいぞう),埋葬(まいそう),
813,1454,埋,埋,うめる,埋める,うめる,埋め立て,うめたて,穴埋め,あなうめ,埋める(うめる),埋め立て(うめたて),穴埋め(あなうめ),
813,1455,埋,埋,うまる,埋まる,うまる,,,,,埋まる(うまる),,,
813,1456,埋,埋,うもれる,埋もれる,うもれる,,,,,埋もれる(うもれる),,,
814,1457,膜,膜,マク,膜質,まくしつ,鼓膜,こまく,粘膜,ねんまく,膜質(まくしつ),鼓膜(こまく),粘膜(ねんまく),
815,1458,又,又,また,又,また,,,,,又(また),,,
816,1459,抹,抹,マツ,抹殺,まっさつ,抹消,まっしょう,一抹,いちまつ,抹殺(まっさつ),抹消(まっしょう),一抹(いちまつ),
817,1460,慢,慢,マン,慢性,まんせい,怠慢,たいまん,自慢,じまん,慢性(まんせい),怠慢(たいまん),自慢(じまん),
818,1461,漫,漫,マン,漫画,まんが,漫歩,まんぽ,散漫,さんまん,漫画(まんが),漫歩(まんぽ),散漫(さんまん),
819,1462,魅,魅,ミ,魅力,みりょく,魅惑,みわく,魅する,みする,魅力(みりょく),魅惑(みわく),魅する(みする),
820,1463,岬,岬,みさき,岬,みさき,,,,,岬(みさき),,,
821,1464,妙,妙,ミョウ,妙案,みょうあん,奇妙,きみょう,巧妙,こうみょう,妙案(みょうあん),奇妙(きみょう),巧妙(こうみょう),
822,1465,眠,眠,ミン,不眠,ふみん,安眠,あんみん,睡眠,すいみん,不眠(ふみん),安眠(あんみん),睡眠(すいみん),
822,1466,眠,眠,ねむる,眠る,ねむる,,,,,眠る(ねむる),,,
822,1467,眠,眠,ねむい,眠い,ねむい,眠たい,ねむたい,眠気,ねむけ,眠い(ねむい),眠たい(ねむたい),眠気(ねむけ),
823,1468,矛,矛,ム,矛盾,むじゅん,,,,,矛盾(むじゅん),,,
823,1469,矛,矛,ほこ,矛,ほこ,,,,,矛(ほこ),,,
824,1470,霧,霧,ム,霧笛,むてき,濃霧,のうむ,噴霧器,ふんむき,霧笛(むてき),濃霧(のうむ),噴霧器(ふんむき),
824,1471,霧,霧,きり,霧,きり,霧雨,きりさめ,朝霧,あさぎり,霧(きり),霧雨(きりさめ),朝霧(あさぎり),
825,1472,娘,娘,むすめ,娘,むすめ,娘心,むすめごころ,小娘,こむすめ,娘(むすめ),娘心(むすめごころ),小娘(こむすめ),
826,1473,銘,銘,メイ,銘柄,めいがら,,,,,銘柄(めいがら),,,
827,1474,滅,滅,メツ,滅亡,めつぼう,消滅,しょうめつ,絶滅,ぜつめつ,滅亡(めつぼう),消滅(しょうめつ),絶滅(ぜつめつ),
827,1475,滅,滅,ほろびる,滅びる,ほろびる,,,,,滅びる(ほろびる),,,
827,1476,滅,滅,ほろぼす,滅ぼす,ほろぼす,,,,,滅ぼす(ほろぼす),,,
828,1477,免(),免,メン,免許,めんきょ,免除,めんじょ,放免,ほうめん,免許(めんきょ),免除(めんじょ),放免(ほうめん),
828,1478,免(),免,まぬかれる,免れる,まぬがれる,,,,,免れる(まぬがれる),,,「まぬがれる」とも。
829,1479,茂,茂,モ,繁茂,はんも,,,,,繁茂(はんも),,,
829,1480,茂,茂,しげる,茂る,しげる,,,,,茂る(しげる),,,
830,1481,妄,妄,モウ,妄信,もうしん,妄想,もうそう,迷妄,めいもう,妄信(もうしん),妄想(もうそう),迷妄(めいもう),
830,1482,妄,妄,ボウ,妄言,もうげん,,,,,妄言(もうげん),,,「妄言」は，「モウゲン」とも。
831,1483,盲,盲,モウ,盲点,もうてん,盲従,もうじゅう,文盲,もんもう,盲点(もうてん),盲従(もうじゅう),文盲(もんもう),
832,1484,耗,耗,モウ,消耗,しょうもう,,,,,消耗(しょうもう),,,「モウ」は，慣用音。
832,1485,耗,耗,コウ,心神耗弱,しんしんこうじゃく,,,,,心神耗弱(しんしんこうじゃく),,,
833,1486,猛,猛,モウ,猛烈,もうれつ,猛獣,もうじゅう,勇猛,ゆうもう,猛烈(もうれつ),猛獣(もうじゅう),勇猛(ゆうもう),猛者(もさ)
834,1487,網,網,モウ,網膜,もうまく,漁網,ぎょもう,通信網,つうしんもう,網膜(もうまく),漁網(ぎょもう),通信網(つうしんもう),
834,1488,網,網,あみ,網,あみ,,,,,網(あみ),,,投網(とあみ)
835,1489,黙(默),黙,モク,黙殺,もくさつ,暗黙,あんもく,沈黙,ちんもく,黙殺(もくさつ),暗黙(あんもく),沈黙(ちんもく),
835,1490,黙(默),黙,だまる,黙る,だまる,,,,,黙る(だまる),,,
836,1491,紋,紋,モン,紋章,もんしょう,指紋,しもん,波紋,はもん,紋章(もんしょう),指紋(しもん),波紋(はもん),
837,1492,匁,匁,もんめ,0,0,,,,,0(0),,,
838,1493,厄,厄,ヤク,厄,やく,厄年,やくどし,災厄,さいやく,厄(やく),厄年(やくどし),災厄(さいやく),
839,1494,躍,躍,ヤク,躍動,やくどう,躍起,やっき,飛躍,ひやく,躍動(やくどう),躍起(やっき),飛躍(ひやく),
839,1495,躍,躍,おどる,躍る,おどる,,,,,躍る(おどる),,,←→踊る
840,1496,愉,愉,ユ,愉快,ゆかい,,,,,愉快(ゆかい),,,
841,1497,諭,諭,ユ,諭旨,ゆし,教諭,きょうゆ,説諭,せつゆ,諭旨(ゆし),教諭(きょうゆ),説諭(せつゆ),
841,1498,諭,諭,さとす,諭す,さとす,,,,,諭す(さとす),,,
842,1499,癒,癒,ユ,癒着,ゆちゃく,治癒,ちゆ,平癒,へいゆ,癒着(ゆちゃく),治癒(ちゆ),平癒(へいゆ),
843,1500,唯,唯,ユイ,唯一,ゆいいつ,唯物論,ゆいぶつろん,唯美主義,ゆいびしゅぎ,唯一(ゆいいつ),唯物論(ゆいぶつろん),唯美主義(ゆいびしゅぎ),
843,1501,唯,唯,イ,唯々諾々,いいだくだく,,,,,唯々諾々(いいだくだく),,,
844,1502,幽,幽,ユウ,幽境,ゆうきょう,幽玄,ゆうげん,幽霊,ゆうれい,幽境(ゆうきょう),幽玄(ゆうげん),幽霊(ゆうれい),
845,1503,悠,悠,ユウ,悠然,ゆうぜん,悠長,ゆうちょう,悠々,ゆうゆう,悠然(ゆうぜん),悠長(ゆうちょう),悠々(ゆうゆう),
846,1504,猶,猶,ユウ,猶予,ゆうよ,,,,,猶予(ゆうよ),,,
847,1505,裕,裕,ユウ,裕福,ゆうふく,富裕,ふゆう,余裕,よゆう,裕福(ゆうふく),富裕(ふゆう),余裕(よゆう),
848,1506,雄,雄,ユウ,雄大,ゆうだい,英雄,ひでお,雌雄,しゆう,雄大(ゆうだい),英雄(ひでお),雌雄(しゆう),
848,1507,雄,雄,お,雄しべ,おしべ,雄牛,おうし,雄々しい,おおしい,雄しべ(おしべ),雄牛(おうし),雄々しい(おおしい),
848,1508,雄,雄,おす,雄,おす,,,,,雄(おす),,,
849,1509,誘,誘,ユウ,誘惑,ゆうわく,誘発,ゆうはつ,勧誘,かんゆう,誘惑(ゆうわく),誘発(ゆうはつ),勧誘(かんゆう),
849,1510,誘,誘,さそう,誘う,さそう,,,,,誘う(さそう),,,
850,1511,憂,憂,ユウ,憂愁,ゆうしゅう,憂慮,ゆうりょ,一喜一憂,いっきいちゆう,憂愁(ゆうしゅう),憂慮(ゆうりょ),一喜一憂(いっきいちゆう),
850,1512,憂,憂,うれえる,憂える,うれえる,,,,,憂える(うれえる),,,←→愁える
850,1513,憂,憂,うれい,憂い,うれい,,,,,憂い(うれい),,,←→愁い
850,1514,憂,憂,うい,憂い,うれい,憂き目,うきめ,物憂い,ものうい,憂い(うれい),憂き目(うきめ),物憂い(ものうい),「憂き」は，文語の連体形。
851,1515,融,融,ユウ,融解,ゆうかい,融和,ゆうわ,金融,きんゆう,融解(ゆうかい),融和(ゆうわ),金融(きんゆう),
852,1516,与(與),与,ヨ,与党,よとう,授与,じゅよ,関与,かんよ,与党(よとう),授与(じゅよ),関与(かんよ),
852,1517,与(與),与,あたえる,与える,あたえる,,,,,与える(あたえる),,,
853,1518,誉(譽),誉,ヨ,名誉,めいよ,,,,,名誉(めいよ),,,
853,1519,誉(譽),誉,ほまれ,誉れ,ほまれ,,,,,誉れ(ほまれ),,,
854,1520,庸,庸,ヨウ,凡庸,ぼんよう,,,,,凡庸(ぼんよう),,,
855,1521,揚,揚,ヨウ,意気揚々,いきようよう,抑揚,よくよう,掲揚,けいよう,意気揚々(いきようよう),抑揚(よくよう),掲揚(けいよう),
855,1522,揚,揚,あげる,揚げる,あげる,,,,,揚げる(あげる),,,←→上げる，挙げる
855,1523,揚,揚,あがる,揚がる,あがる,,,,,揚がる(あがる),,,←→上がる，挙がる
856,1524,揺(搖),揺,ヨウ,動揺,どうよう,,,,,動揺(どうよう),,,
856,1525,揺(搖),揺,ゆれる,揺れる,ゆれる,,,,,揺れる(ゆれる),,,
856,1526,揺(搖),揺,ゆる,揺り返し,ゆりかえし,,,,,揺り返し(ゆりかえし),,,
856,1527,揺(搖),揺,ゆらぐ,揺らぐ,ゆらぐ,,,,,揺らぐ(ゆらぐ),,,
856,1528,揺(搖),揺,ゆるぐ,揺るぐ,ゆるぐ,,,,,揺るぐ(ゆるぐ),,,
856,1529,揺(搖),揺,ゆする,揺する,ゆする,,,,,揺する(ゆする),,,
856,1530,揺(搖),揺,ゆさぶる,揺さぶる,ゆさぶる,,,,,揺さぶる(ゆさぶる),,,
856,1531,揺(搖),揺,ゆすぶる,揺すぶる,ゆすぶる,,,,,揺すぶる(ゆすぶる),,,
857,1532,溶,溶,ヨウ,溶解,ようかい,溶液,ようえき,水溶液,すいようえき,溶解(ようかい),溶液(ようえき),水溶液(すいようえき),
857,1533,溶,溶,とける,溶ける,とける,,,,,溶ける(とける),,,←→解ける
857,1534,溶,溶,とかす,溶かす,とかす,,,,,溶かす(とかす),,,←→解かす
857,1535,溶,溶,とく,溶く,とく,,,,,溶く(とく),,,←→解く
858,1536,腰,腰,ヨウ,腰痛,ようつう,,,,,腰痛(ようつう),,,
858,1537,腰,腰,こし,腰,こし,腰だめ,こしだめ,物腰,ものごし,腰(こし),腰だめ(こしだめ),物腰(ものごし),
859,1538,踊,踊,ヨウ,舞踊,ぶよう,,,,,舞踊(ぶよう),,,
859,1539,踊,踊,おどる,踊る,おどる,,,,,踊る(おどる),,,←→躍る
859,1540,踊,踊,おどり,踊り,おどり,,,,,踊り(おどり),,,
860,1541,窯,窯,ヨウ,窯業,ようぎょう,,,,,窯業(ようぎょう),,,
860,1542,窯,窯,かま,窯,かま,,,,,窯(かま),,,
861,1543,擁,擁,ヨウ,擁護,ようご,擁立,ようりつ,抱擁,ほうよう,擁護(ようご),擁立(ようりつ),抱擁(ほうよう),
862,1544,謡(謠),謡,ヨウ,謡曲,ようきょく,民謡,みんよう,歌謡,かよう,謡曲(ようきょく),民謡(みんよう),歌謡(かよう),
862,1545,謡(謠),謡,うたい,謡,うたい,,,,,謡(うたい),,,
862,1546,謡(謠),謡,うたう,謡う,うたう,,,,,謡う(うたう),,,←→歌う
863,1547,抑,抑,ヨク,抑圧,よくあつ,抑制,よくせい,抑揚,よくよう,抑圧(よくあつ),抑制(よくせい),抑揚(よくよう),
863,1548,抑,抑,おさえる,抑える,おさえる,,,,,抑える(おさえる),,,←→押さえる
864,1549,翼,翼,ヨク,左翼,さよく,,,,,左翼(さよく),,,
864,1550,翼,翼,つばさ,翼,つばさ,,,,,翼(つばさ),,,
865,1551,裸,裸,ラ,裸身,らしん,裸体,らたい,赤裸々,せきらら,裸身(らしん),裸体(らたい),赤裸々(せきらら),
865,1552,裸,裸,はだか,裸,はだか,,,,,裸(はだか),,,
866,1553,羅,羅,ラ,羅列,られつ,羅針盤,らしんばん,網羅,もうら,羅列(られつ),羅針盤(らしんばん),網羅(もうら),
867,1554,雷,雷,ライ,雷雨,らいう,雷名,らいめい,魚雷,ぎょらい,雷雨(らいう),雷名(らいめい),魚雷(ぎょらい),
867,1555,雷,雷,かみなり,雷,かみなり,,,,,雷(かみなり),,,
868,1556,頼(),頼,ライ,依頼,いらい,信頼,しんらい,無頼漢,ぶらいかん,依頼(いらい),信頼(しんらい),無頼漢(ぶらいかん),
868,1557,頼(),頼,たのむ,頼む,たのむ,,,,,頼む(たのむ),,,
868,1558,頼(),頼,たのもしい,頼もしい,たのもしい,,,,,頼もしい(たのもしい),,,
868,1559,頼(),頼,たよる,頼る,たよる,,,,,頼る(たよる),,,
869,1560,絡,絡,ラク,連絡,れんらく,,,,,連絡(れんらく),,,
869,1561,絡,絡,からむ,絡む,からむ,,,,,絡む(からむ),,,
869,1562,絡,絡,からまる,絡まる,からまる,,,,,絡まる(からまる),,,
870,1563,酪,酪,ラク,酪農,らくのう,,,,,酪農(らくのう),,,
871,1564,濫,濫,ラン,濫伐,らんばつ,濫費,らんぴ,濫用,らんよう,濫伐(らんばつ),濫費(らんぴ),濫用(らんよう),
872,1565,欄(),欄,ラン,欄干,らんかん,欄外,らんがい,空欄,くうらん,欄干(らんかん),欄外(らんがい),空欄(くうらん),
873,1566,吏,吏,リ,吏員,りいん,官吏,かんり,能吏,のうり,吏員(りいん),官吏(かんり),能吏(のうり),
874,1567,痢,痢,リ,疫痢,えきり,下痢,げり,赤痢,せきり,疫痢(えきり),下痢(げり),赤痢(せきり),
875,1568,履,履,リ,履歴,りれき,履行,りこう,弊履,へいり,履歴(りれき),履行(りこう),弊履(へいり),草履(ぞうり)
875,1569,履,履,はく,履く,はく,,,,,履く(はく),,,
876,1570,離,離,リ,離別,りべつ,距離,きょり,分離,ぶんり,離別(りべつ),距離(きょり),分離(ぶんり),
876,1571,離,離,はなれる,離れる,はなれる,離れ,はなれ,乳離れ,ちちばなれ,離れる(はなれる),離れ(はなれ),乳離れ(ちちばなれ),←→放れる
876,1572,離,離,はなす,離す,はなす,,,,,離す(はなす),,,←→放す
877,1573,柳,柳,リュウ,花柳界,かりゅうかい,,,,,花柳界(かりゅうかい),,,
877,1574,柳,柳,やなぎ,柳,やなぎ,,,,,柳(やなぎ),,,
878,1575,竜(龍),竜,リュウ,竜,りゅう,,,,,竜(りゅう),,,
878,1576,竜(龍),竜,たつ,竜巻,たつまき,,,,,竜巻(たつまき),,,
879,1577,粒,粒,リュウ,粒子,りゅうし,,,,,粒子(りゅうし),,,
879,1578,粒,粒,つぶ,粒,つぶ,,,,,粒(つぶ),,,
880,1579,隆(),隆,リュウ,隆起,りゅうき,隆盛,たかもり,興隆,こうりゅう,隆起(りゅうき),隆盛(たかもり),興隆(こうりゅう),
881,1580,硫,硫,リュウ,硫安,りゅうあん,硫酸,りゅうさん,硫化銀,りゅうかぎん,硫安(りゅうあん),硫酸(りゅうさん),硫化銀(りゅうかぎん),硫黄(いおう)
882,1581,虜(),虜,リョ,虜囚,りょしゅう,,,,,虜囚(りょしゅう),,,
883,1582,慮,慮,リョ,遠慮,えんりょ,考慮,こうりょ,無慮,むりょ,遠慮(えんりょ),考慮(こうりょ),無慮(むりょ),
884,1583,了,了,リョウ,了解,りょうかい,完了,かんりょう,校了,こうりょう,了解(りょうかい),完了(かんりょう),校了(こうりょう),
885,1584,涼,涼,リョウ,涼味,りょうみ,清涼剤,せいりょうざい,納涼,のうりょう,涼味(りょうみ),清涼剤(せいりょうざい),納涼(のうりょう),
885,1585,涼,涼,すずしい,涼しい,すずしい,,,,,涼しい(すずしい),,,
885,1586,涼,涼,すずむ,涼む,すずむ,,,,,涼む(すずむ),,,
886,1587,猟(獵),猟,リョウ,猟師,りょうし,狩猟,しゅりょう,渉猟,しょうりょう,猟師(りょうし),狩猟(しゅりょう),渉猟(しょうりょう),
887,1588,陵,陵,リョウ,陵墓,りょうぼ,,,,,陵墓(りょうぼ),,,
887,1589,陵,陵,みささぎ,陵,りょう,,,,,陵(りょう),,,
888,1590,僚,僚,リョウ,僚友,りょうゆう,官僚,かんりょう,同僚,どうりょう,僚友(りょうゆう),官僚(かんりょう),同僚(どうりょう),
889,1591,寮,寮,リョウ,寮生,りょうせい,寮母,りょうぼ,独身寮,どくしんりょう,寮生(りょうせい),寮母(りょうぼ),独身寮(どくしんりょう),
890,1592,療,療,リョウ,療養,りょうよう,医療,いりょう,治療,ちりょう,療養(りょうよう),医療(いりょう),治療(ちりょう),
891,1593,糧,糧,リョウ,糧食,りょうしょく,,,,,糧食(りょうしょく),,,
891,1594,糧,糧,ロウ,兵糧,ひょうろう,,,,,兵糧(ひょうろう),,,
891,1595,糧,糧,かて,糧,かて,,,,,糧(かて),,,
892,1596,厘,厘,リン,一分一厘,いちぶいちりん,,,,,一分一厘(いちぶいちりん),,,
893,1597,倫,倫,リン,倫理,りんり,人倫,じんりん,絶倫,ぜつりん,倫理(りんり),人倫(じんりん),絶倫(ぜつりん),
894,1598,隣,隣,リン,隣室,りんしつ,隣接,りんせつ,近隣,きんりん,隣室(りんしつ),隣接(りんせつ),近隣(きんりん),
894,1599,隣,隣,となる,隣り合う,となりあう,,,,,隣り合う(となりあう),,,
894,1600,隣,隣,となり,隣,となり,,,,,隣(となり),,,
895,1601,涙(),涙,ルイ,感涙,かんるい,声涙,せいるい,落涙,らくるい,感涙(かんるい),声涙(せいるい),落涙(らくるい),
895,1602,涙(),涙,なみだ,涙,なみだ,涙ぐむ,なみだぐむ,涙ぐましい,なみだぐましい,涙(なみだ),涙ぐむ(なみだぐむ),涙ぐましい(なみだぐましい),
896,1603,累,累,ルイ,累計,るいけい,累積,るいせき,係累,けいるい,累計(るいけい),累積(るいせき),係累(けいるい),
897,1604,塁(壘),塁,ルイ,塁審,るいしん,敵塁,てきるい,土塁,どるい,塁審(るいしん),敵塁(てきるい),土塁(どるい),
898,1605,励(勵),励,レイ,励行,れいこう,奨励,しょうれい,精励,せいれい,励行(れいこう),奨励(しょうれい),精励(せいれい),
898,1606,励(勵),励,はげむ,励む,はげむ,,,,,励む(はげむ),,,
898,1607,励(勵),励,はげます,励ます,はげます,,,,,励ます(はげます),,,
899,1608,戻(),戻,レイ,戻入,れいにゅう,,,,,戻入(れいにゅう),,,
899,1609,戻(),戻,もどす,戻す,もどす,,,,,戻す(もどす),,,
899,1610,戻(),戻,もどる,戻る,もどる,,,,,戻る(もどる),,,
900,1611,鈴,鈴,レイ,電鈴,でんれい,振鈴,しんれい,予鈴,よれい,電鈴(でんれい),振鈴(しんれい),予鈴(よれい),
900,1612,鈴,鈴,リン,風鈴,ふうりん,,,,,風鈴(ふうりん),,,
900,1613,鈴,鈴,すず,鈴,すず,,,,,鈴(すず),,,
901,1614,零,零,レイ,零下,れいか,零細,れいさい,零落,れいらく,零下(れいか),零細(れいさい),零落(れいらく),
902,1615,霊(靈),霊,レイ,霊感,れいかん,霊魂,れいこん,霊長類,れいちょうるい,霊感(れいかん),霊魂(れいこん),霊長類(れいちょうるい),
902,1616,霊(靈),霊,リョウ,悪霊,あくりょう,,,,,悪霊(あくりょう),,,
902,1617,霊(靈),霊,たま,霊,れい,,,,,霊(れい),,,
903,1618,隷,隷,レイ,隷書,れいしょ,隷属,れいぞく,奴隷,どれい,隷書(れいしょ),隷属(れいぞく),奴隷(どれい),
904,1619,齢(齡),齢,レイ,樹齢,じゅれい,年齢,ねんれい,妙齢,みょうれい,樹齢(じゅれい),年齢(ねんれい),妙齢(みょうれい),
905,1620,麗,麗,レイ,麗人,れいじん,端麗,たんれい,美麗,びれい,麗人(れいじん),端麗(たんれい),美麗(びれい),
905,1621,麗,麗,うるわしい,麗しい,うるわしい,,,,,麗しい(うるわしい),,,
906,1622,暦(),暦,レキ,暦年,れきねん,還暦,かんれき,太陽暦,たいようれき,暦年(れきねん),還暦(かんれき),太陽暦(たいようれき),
906,1623,暦(),暦,こよみ,暦,こよみ,,,,,暦(こよみ),,,
907,1624,劣,劣,レツ,劣等,れっとう,卑劣,ひれつ,優劣,ゆうれつ,劣等(れっとう),卑劣(ひれつ),優劣(ゆうれつ),
907,1625,劣,劣,おとる,劣る,おとる,,,,,劣る(おとる),,,
908,1626,烈,烈,レツ,烈火,れっか,壮烈,そうれつ,猛烈,もうれつ,烈火(れっか),壮烈(そうれつ),猛烈(もうれつ),
909,1627,裂,裂,レツ,決裂,けつれつ,破裂,はれつ,分裂,ぶんれつ,決裂(けつれつ),破裂(はれつ),分裂(ぶんれつ),
909,1628,裂,裂,さく,裂く,さく,,,,,裂く(さく),,,←→割く
909,1629,裂,裂,さける,裂ける,さける,,,,,裂ける(さける),,,
910,1630,恋(戀),恋,レン,恋愛,れんあい,恋慕,れんぼ,失恋,しつれん,恋愛(れんあい),恋慕(れんぼ),失恋(しつれん),
910,1631,恋(戀),恋,こう,恋い慕う,こいしたう,,,,,恋い慕う(こいしたう),,,
910,1632,恋(戀),恋,こい,恋,こい,初恋,はつこい,恋する,こいする,恋(こい),初恋(はつこい),恋する(こいする),
910,1633,恋(戀),恋,こいしい,恋しい,こいしい,,,,,恋しい(こいしい),,,
911,1634,廉,廉,レン,廉価,れんか,清廉,せいれん,破廉恥,はれんち,廉価(れんか),清廉(せいれん),破廉恥(はれんち),
912,1635,錬(),錬,レン,錬金術,れんきんじゅつ,鍛錬,たんれん,精錬,せいれん,錬金術(れんきんじゅつ),鍛錬(たんれん),精錬(せいれん),
913,1636,炉(爐),炉,ロ,炉辺,ろばた,暖炉,だんろ,原子炉,げんしろ,炉辺(ろばた),暖炉(だんろ),原子炉(げんしろ),
914,1637,露,露,ロ,露出,ろしゅつ,露店,ろてん,雨露,うろ,露出(ろしゅつ),露店(ろてん),雨露(うろ),
914,1638,露,露,ロウ,披露,ひろう,,,,,披露(ひろう),,,
914,1639,露,露,つゆ,露,ろ,,,,,露(ろ),,,
915,1640,郎(),郎,ロウ,新郎,しんろう,,,,,新郎(しんろう),,,
916,1641,浪,浪,ロウ,浪費,ろうひ,波浪,はろう,放浪,ほうろう,浪費(ろうひ),波浪(はろう),放浪(ほうろう),
917,1642,廊(),廊,ロウ,廊下,ろうか,回廊,かいろう,画廊,がろう,廊下(ろうか),回廊(かいろう),画廊(がろう),
918,1643,楼(樓),楼,ロウ,楼閣,ろうかく,鐘楼,しょうろう,望楼,ぼうろう,楼閣(ろうかく),鐘楼(しょうろう),望楼(ぼうろう),
919,1644,漏,漏,ロウ,漏電,ろうでん,疎漏,そろう,脱漏,だつろう,漏電(ろうでん),疎漏(そろう),脱漏(だつろう),
919,1645,漏,漏,もる,漏る,もる,,,,,漏る(もる),,,
919,1646,漏,漏,もれる,漏れる,もれる,,,,,漏れる(もれる),,,
919,1647,漏,漏,もらす,漏らす,もらす,,,,,漏らす(もらす),,,
920,1648,賄,賄,ワイ,収賄,しゅうわい,,,,,収賄(しゅうわい),,,
920,1649,賄,賄,まかなう,賄う,まかなう,,,,,賄う(まかなう),,,
921,1650,惑,惑,ワク,惑星,わくせい,迷惑,めいわく,誘惑,ゆうわく,惑星(わくせい),迷惑(めいわく),誘惑(ゆうわく),
921,1651,惑,惑,まどう,惑う,まどう,,,,,惑う(まどう),,,
922,1652,枠,枠,わく,枠,わく,枠内,わくない,窓枠,まどわく,枠(わく),枠内(わくない),窓枠(まどわく),
923,1653,湾(灣),湾,ワン,湾内,わんない,湾入,わんにゅう,港湾,こうわん,湾内(わんない),湾入(わんにゅう),港湾(こうわん),
924,1654,腕,腕,ワン,腕章,わんしょう,腕力,わんりょく,敏腕,びんわん,腕章(わんしょう),腕力(わんりょく),敏腕(びんわん),
924,1655,腕,腕,うで,腕,うで,腕前,うでまえ,細腕,ほそうで,腕(うで),腕前(うでまえ),細腕(ほそうで),